Workbook

Sheet 견적데이터_정리
A1: MAC-BON 2025 표준 견적 데이터
A2: 제품 정보 | F2: 원가 · 표준판가 (개당) | J2: 등급별 판가 (kg당, 할인율 적용) | O2: 용기 | P2: 포장 옵션가 (원/개)
A3: 카테고리 | B3: 분류 | C3: 제품명 | D3: 충진 (g) | E3: 최소수량 (ea) | F3: 원가 (원/kg) | G3: 충원가 (원/개) | H3: 표준판가 (원/개) | I3: 마진율 | J3: D-C (0%) | K3: B (-10%) | L3: A (-15%) | M3: A+ (-20%) | N3: 20%할인 개당가 | O3: 용기구분 | P3: 용기 | Q3: 메탈캡 | R3: 파우치 | S3: 라벨 | T3: 단상자 | U3: 수축필름
A4: 일회용글루/리무버 | B4: 아크릴에멀젼 | C4: O-1201 / O-1211 / O-1301 / O-1311 | D4: =맥본_원가표!J9 -> 1 | E4: =맥본_원가표!P9 -> 10000 | F4: =맥본_원가표!I9 -> 25930 | G4: =맥본_원가표!O9 -> 141.5003 | H4: =맥본_원가표!Q9 -> 150 | I4: =맥본_원가표!R9 -> 0.056664667 | J4: =맥본_원가표!W9 -> 150000 | K4: =맥본_원가표!X9 -> 135000 | L4: =맥본_원가표!Y9 -> 127500 | M4: =맥본_원가표!Z9 -> 120000 | N4: =맥본_원가표!AA9 -> 120 | O4: =맥본_원가표!AC9 -> 용기포함 | P4: =맥본_원가표!AD9 -> - | Q4: =맥본_원가표!AE9 -> 300 | R4: =맥본_원가표!AF9 -> 150 | S4: =맥본_원가표!AG9 -> 50 | T4: =맥본_원가표!AH9 -> 100 | U4: =맥본_원가표!AI9 -> 200
D5: =맥본_원가표!J10 -> 3 | E5: =맥본_원가표!P10 -> 1000 | F5: =맥본_원가표!I9 -> 25930 | G5: =맥본_원가표!O10 -> 204.2509 | H5: =맥본_원가표!Q10 -> 400 | I5: =맥본_원가표!R10 -> 0.48937275 | J5: =맥본_원가표!W10 -> 133333.33 | K5: =맥본_원가표!X10 -> 120000 | L5: =맥본_원가표!Y10 -> 113333.33 | M5: =맥본_원가표!Z10 -> 106666.67 | N5: =맥본_원가표!AA10 -> 320 | O5: =맥본_원가표!AC10 -> 용기별도 | P5: =맥본_원가표!AD10 -> - | Q5: =맥본_원가표!AE10 -> 300 | R5: =맥본_원가표!AF10 -> 150 | S5: =맥본_원가표!AG10 -> 50 | T5: =맥본_원가표!AH10 -> 100 | U5: =맥본_원가표!AI10 -> 200
D6: =맥본_원가표!J11 -> 5 | E6: =맥본_원가표!P11 -> 1000 | F6: =맥본_원가표!I9 -> 25930 | G6: =맥본_원가표!O11 -> 267.0015 | H6: =맥본_원가표!Q11 -> 550 | I6: =맥본_원가표!R11 -> 0.51454273 | J6: =맥본_원가표!W11 -> 110000 | K6: =맥본_원가표!X11 -> 99000 | L6: =맥본_원가표!Y11 -> 93500 | M6: =맥본_원가표!Z11 -> 88000 | N6: =맥본_원가표!AA11 -> 440 | O6: =맥본_원가표!AC11 -> 용기별도 | P6: =맥본_원가표!AD11 -> - | Q6: =맥본_원가표!AE11 -> 300 | R6: =맥본_원가표!AF11 -> 150 | S6: =맥본_원가표!AG11 -> 50 | T6: =맥본_원가표!AH11 -> 100 | U6: =맥본_원가표!AI11 -> 200
D7: =맥본_원가표!J12 -> 7 | E7: =맥본_원가표!P12 -> 1000 | F7: =맥본_원가표!I9 -> 25930 | G7: =맥본_원가표!O12 -> 329.7521 | H7: =맥본_원가표!Q12 -> 700 | I7: =맥본_원가표!R12 -> 0.52892557 | J7: =맥본_원가표!W12 -> 100000 | K7: =맥본_원가표!X12 -> 90000 | L7: =맥본_원가표!Y12 -> 85000 | M7: =맥본_원가표!Z12 -> 80000 | N7: =맥본_원가표!AA12 -> 560 | O7: =맥본_원가표!AC12 -> 용기별도 | P7: =맥본_원가표!AD12 -> - | Q7: =맥본_원가표!AE12 -> 300 | R7: =맥본_원가표!AF12 -> 150 | S7: =맥본_원가표!AG12 -> 50 | T7: =맥본_원가표!AH12 -> 100 | U7: =맥본_원가표!AI12 -> 200
C8: O-1009 / O-1019 / O-1019FDA | D8: =맥본_원가표!J13 -> 1 | E8: =맥본_원가표!P13 -> 10000 | F8: =맥본_원가표!I13 -> 17906 | G8: =맥본_원가표!O13 -> 131.79126 | H8: =맥본_원가표!Q13 -> 150 | I8: =맥본_원가표!R13 -> 0.1213916 | J8: =맥본_원가표!W13 -> 150000 | K8: =맥본_원가표!X13 -> 135000 | L8: =맥본_원가표!Y13 -> 127500 | M8: =맥본_원가표!Z13 -> 120000 | N8: =맥본_원가표!AA13 -> 120 | O8: =맥본_원가표!AC13 -> 용기포함 | P8: =맥본_원가표!AD13 -> - | Q8: =맥본_원가표!AE13 -> 300 | R8: =맥본_원가표!AF13 -> 150 | S8: =맥본_원가표!AG13 -> 50 | T8: =맥본_원가표!AH13 -> 100 | U8: =맥본_원가표!AI13 -> 200
D9: =맥본_원가표!J14 -> 3 | E9: =맥본_원가표!P14 -> 1000 | F9: =맥본_원가표!I13 -> 17906 | G9: =맥본_원가표!O14 -> 175.12378 | H9: =맥본_원가표!Q14 -> 400 | I9: =맥본_원가표!R14 -> 0.56219055 | J9: =맥본_원가표!W14 -> 133333.33 | K9: =맥본_원가표!X14 -> 120000 | L9: =맥본_원가표!Y14 -> 113333.33 | M9: =맥본_원가표!Z14 -> 106666.67 | N9: =맥본_원가표!AA14 -> 320 | O9: =맥본_원가표!AC14 -> 용기별도 | P9: =맥본_원가표!AD14 -> - | Q9: =맥본_원가표!AE14 -> 300 | R9: =맥본_원가표!AF14 -> 150 | S9: =맥본_원가표!AG14 -> 50 | T9: =맥본_원가표!AH14 -> 100 | U9: =맥본_원가표!AI14 -> 200
D10: =맥본_원가표!J15 -> 5 | E10: =맥본_원가표!P15 -> 1000 | F10: =맥본_원가표!I13 -> 17906 | G10: =맥본_원가표!O15 -> 218.4563 | H10: =맥본_원가표!Q15 -> 550 | I10: =맥본_원가표!R15 -> 0.60280673 | J10: =맥본_원가표!W15 -> 110000 | K10: =맥본_원가표!X15 -> 99000 | L10: =맥본_원가표!Y15 -> 93500 | M10: =맥본_원가표!Z15 -> 88000 | N10: =맥본_원가표!AA15 -> 440 | O10: =맥본_원가표!AC15 -> 용기별도 | P10: =맥본_원가표!AD15 -> - | Q10: =맥본_원가표!AE15 -> 300 | R10: =맥본_원가표!AF15 -> 150 | S10: =맥본_원가표!AG15 -> 50 | T10: =맥본_원가표!AH15 -> 100 | U10: =맥본_원가표!AI15 -> 200
D11: =맥본_원가표!J16 -> 7 | E11: =맥본_원가표!P16 -> 1000 | F11: =맥본_원가표!I13 -> 17906 | G11: =맥본_원가표!O16 -> 261.78882 | H11: =맥본_원가표!Q16 -> 700 | I11: =맥본_원가표!R16 -> 0.62601597 | J11: =맥본_원가표!W16 -> 100000 | K11: =맥본_원가표!X16 -> 90000 | L11: =맥본_원가표!Y16 -> 85000 | M11: =맥본_원가표!Z16 -> 80000 | N11: =맥본_원가표!AA16 -> 560 | O11: =맥본_원가표!AC16 -> 용기별도 | P11: =맥본_원가표!AD16 -> - | Q11: =맥본_원가표!AE16 -> 300 | R11: =맥본_원가표!AF16 -> 150 | S11: =맥본_원가표!AG16 -> 50 | T11: =맥본_원가표!AH16 -> 100 | U11: =맥본_원가표!AI16 -> 200
B12: 아크릴리무버 | C12: U-303 | D12: =맥본_원가표!J17 -> 5 | E12: =맥본_원가표!P17 -> 1000 | F12: =맥본_원가표!I17 -> 46863.2 | G12: =맥본_원가표!O17 -> 459.72236 | H12: =맥본_원가표!Q17 -> 1200 | I12: =맥본_원가표!R17 -> 0.61689803 | J12: =맥본_원가표!W17 -> 240000 | K12: =맥본_원가표!X17 -> 216000 | L12: =맥본_원가표!Y17 -> 204000 | M12: =맥본_원가표!Z17 -> 192000 | N12: =맥본_원가표!AA17 -> 960 | O12: =맥본_원가표!AC17 -> 용기별도 | P12: =맥본_원가표!AD17 -> 550 | Q12: =맥본_원가표!AE17 -> 300 | R12: =맥본_원가표!AF17 -> 150 | S12: =맥본_원가표!AG17 -> 50 | T12: =맥본_원가표!AH17 -> 100 | U12: =맥본_원가표!AI17 -> 200
D13: =맥본_원가표!J18 -> 10 | E13: =맥본_원가표!P18 -> 1000 | F13: =맥본_원가표!I17 -> 46863.2 | G13: =맥본_원가표!O18 -> 743.24472 | H13: =맥본_원가표!Q18 -> 1500 | I13: =맥본_원가표!R18 -> 0.50450352 | J13: =맥본_원가표!W18 -> 150000 | K13: =맥본_원가표!X18 -> 135000 | L13: =맥본_원가표!Y18 -> 127500 | M13: =맥본_원가표!Z18 -> 120000 | N13: =맥본_원가표!AA18 -> 1200 | O13: =맥본_원가표!AC18 -> 용기별도 | P13: =맥본_원가표!AD18 -> 600 | Q13: =맥본_원가표!AE18 -> 300 | R13: =맥본_원가표!AF18 -> 150 | S13: =맥본_원가표!AG18 -> 50 | T13: =맥본_원가표!AH18 -> 100 | U13: =맥본_원가표!AI18 -> 200
C14: U-304 (제거력 강화) | D14: =맥본_원가표!J19 -> 5 | E14: =맥본_원가표!P19 -> 1000 | F14: =맥본_원가표!I19 -> 21800 | G14: =맥본_원가표!O19 -> 308.09 | H14: =맥본_원가표!Q19 -> 1100 | I14: =맥본_원가표!R19 -> 0.71991818 | J14: =맥본_원가표!W19 -> 220000 | K14: =맥본_원가표!X19 -> 198000 | L14: =맥본_원가표!Y19 -> 187000 | M14: =맥본_원가표!Z19 -> 176000 | N14: =맥본_원가표!AA19 -> 880 | O14: =맥본_원가표!AC19 -> 용기별도 | P14: =맥본_원가표!AD19 -> 550 | Q14: =맥본_원가표!AE19 -> 300 | R14: =맥본_원가표!AF19 -> 150 | S14: =맥본_원가표!AG19 -> 50 | T14: =맥본_원가표!AH19 -> 100 | U14: =맥본_원가표!AI19 -> 200
D15: =맥본_원가표!J20 -> 10 | E15: =맥본_원가표!P20 -> 1000 | F15: =맥본_원가표!I19 -> 21800 | G15: =맥본_원가표!O20 -> 439.98 | H15: =맥본_원가표!Q20 -> 1400 | I15: =맥본_원가표!R20 -> 0.68572857 | J15: =맥본_원가표!W20 -> 140000 | K15: =맥본_원가표!X20 -> 126000 | L15: =맥본_원가표!Y20 -> 119000 | M15: =맥본_원가표!Z20 -> 112000 | N15: =맥본_원가표!AA20 -> 1120 | O15: =맥본_원가표!AC20 -> 용기별도 | P15: =맥본_원가표!AD20 -> 600 | Q15: =맥본_원가표!AE20 -> 300 | R15: =맥본_원가표!AF20 -> 150 | S15: =맥본_원가표!AG20 -> 50 | T15: =맥본_원가표!AH20 -> 100 | U15: =맥본_원가표!AI20 -> 200
A16: 연장용글루 | B16: 글루 | C16: KC SERIES (초고순도 / MMA free, 전문가용) | D16: =맥본_원가표!J34 -> 3 | E16: =맥본_원가표!P34 -> 500 | F16: =맥본_원가표!I34 -> 83160 | G16: =맥본_원가표!O34 -> 566.1708 | H16: =맥본_원가표!Q34 -> 3500 | I16: =맥본_원가표!R34 -> 0.83823691 | J16: =맥본_원가표!W34 -> 1166666.7 | K16: =맥본_원가표!X34 -> 1050000 | L16: =맥본_원가표!Y34 -> 991666.67 | M16: =맥본_원가표!Z34 -> 933333.33 | N16: =맥본_원가표!AA34 -> 2800 | O16: =맥본_원가표!AC34 -> 용기포함 | P16: =맥본_원가표!AD34 -> - | Q16: =맥본_원가표!AE34 -> 300 | R16: =맥본_원가표!AF34 -> 150 | S16: =맥본_원가표!AG34 -> 50 | T16: =맥본_원가표!AH34 -> 100 | U16: =맥본_원가표!AI34 -> 200
D17: =맥본_원가표!J35 -> 5 | E17: =맥본_원가표!P35 -> 500 | F17: =맥본_원가표!I34 -> 83160 | G17: =맥본_원가표!O35 -> 767.418 | H17: =맥본_원가표!Q35 -> 4500 | I17: =맥본_원가표!R35 -> 0.82946267 | J17: =맥본_원가표!W35 -> 900000 | K17: =맥본_원가표!X35 -> 810000 | L17: =맥본_원가표!Y35 -> 765000 | M17: =맥본_원가표!Z35 -> 720000 | N17: =맥본_원가표!AA35 -> 3600 | O17: =맥본_원가표!AC35 -> 용기포함 | P17: =맥본_원가표!AD35 -> - | Q17: =맥본_원가표!AE35 -> 300 | R17: =맥본_원가표!AF35 -> 150 | S17: =맥본_원가표!AG35 -> 50 | T17: =맥본_원가표!AH35 -> 100 | U17: =맥본_원가표!AI35 -> 200
D18: =맥본_원가표!J36 -> 10 | E18: =맥본_원가표!P36 -> 500 | F18: =맥본_원가표!I34 -> 83160 | G18: =맥본_원가표!O36 -> 1270.536 | H18: =맥본_원가표!Q36 -> 7000 | I18: =맥본_원가표!R36 -> 0.81849486 | J18: =맥본_원가표!W36 -> 700000 | K18: =맥본_원가표!X36 -> 630000 | L18: =맥본_원가표!Y36 -> 595000 | M18: =맥본_원가표!Z36 -> 560000 | N18: =맥본_원가표!AA36 -> 5600 | O18: =맥본_원가표!AC36 -> 용기포함 | P18: =맥본_원가표!AD36 -> - | Q18: =맥본_원가표!AE36 -> 300 | R18: =맥본_원가표!AF36 -> 150 | S18: =맥본_원가표!AG36 -> 50 | T18: =맥본_원가표!AH36 -> 100 | U18: =맥본_원가표!AI36 -> 200
C19: KCB/T SERIES (저온저습 / MMA free, 전문가용) | D19: =맥본_원가표!J37 -> 3 | E19: =맥본_원가표!P37 -> 500 | F19: =맥본_원가표!I37 -> 116200 | G19: =맥본_원가표!O37 -> 686.106 | H19: =맥본_원가표!Q37 -> 3500 | I19: =맥본_원가표!R37 -> 0.80396971 | J19: =맥본_원가표!W37 -> 1166666.7 | K19: =맥본_원가표!X37 -> 1050000 | L19: =맥본_원가표!Y37 -> 991666.67 | M19: =맥본_원가표!Z37 -> 933333.33 | N19: =맥본_원가표!AA37 -> 2800 | O19: =맥본_원가표!AC37 -> 용기포함 | P19: =맥본_원가표!AD37 -> - | Q19: =맥본_원가표!AE37 -> 300 | R19: =맥본_원가표!AF37 -> 150 | S19: =맥본_원가표!AG37 -> 50 | T19: =맥본_원가표!AH37 -> 100 | U19: =맥본_원가표!AI37 -> 200
D20: =맥본_원가표!J38 -> 5 | E20: =맥본_원가표!P38 -> 500 | F20: =맥본_원가표!I37 -> 116200 | G20: =맥본_원가표!O38 -> 967.31 | H20: =맥본_원가표!Q38 -> 4500 | I20: =맥본_원가표!R38 -> 0.78504222 | J20: =맥본_원가표!W38 -> 900000 | K20: =맥본_원가표!X38 -> 810000 | L20: =맥본_원가표!Y38 -> 765000 | M20: =맥본_원가표!Z38 -> 720000 | N20: =맥본_원가표!AA38 -> 3600 | O20: =맥본_원가표!AC38 -> 용기포함 | P20: =맥본_원가표!AD38 -> - | Q20: =맥본_원가표!AE38 -> 300 | R20: =맥본_원가표!AF38 -> 150 | S20: =맥본_원가표!AG38 -> 50 | T20: =맥본_원가표!AH38 -> 100 | U20: =맥본_원가표!AI38 -> 200
D21: =맥본_원가표!J39 -> 10 | E21: =맥본_원가표!P39 -> 500 | F21: =맥본_원가표!I37 -> 116200 | G21: =맥본_원가표!O39 -> 1670.32 | H21: =맥본_원가표!Q39 -> 7000 | I21: =맥본_원가표!R39 -> 0.76138286 | J21: =맥본_원가표!W39 -> 700000 | K21: =맥본_원가표!X39 -> 630000 | L21: =맥본_원가표!Y39 -> 595000 | M21: =맥본_원가표!Z39 -> 560000 | N21: =맥본_원가표!AA39 -> 5600 | O21: =맥본_원가표!AC39 -> 용기포함 | P21: =맥본_원가표!AD39 -> - | Q21: =맥본_원가표!AE39 -> 300 | R21: =맥본_원가표!AF39 -> 150 | S21: =맥본_원가표!AG39 -> 50 | T21: =맥본_원가표!AH39 -> 100 | U21: =맥본_원가표!AI39 -> 200
C22: KC301 (초고순도 / MMA free / 셀프용, 무취, 저자극) | D22: =맥본_원가표!J40 -> 3 | E22: =맥본_원가표!P40 -> 500 | F22: =맥본_원가표!I40 -> 245303.8 | G22: =맥본_원가표!O40 -> 1154.7528 | H22: =맥본_원가표!Q40 -> 4500 | I22: =맥본_원가표!R40 -> 0.74338827 | J22: =맥본_원가표!W40 -> 1500000 | K22: =맥본_원가표!X40 -> 1350000 | L22: =맥본_원가표!Y40 -> 1275000 | M22: =맥본_원가표!Z40 -> 1200000 | N22: =맥본_원가표!AA40 -> 3600 | O22: =맥본_원가표!AC40 -> 용기포함 | P22: =맥본_원가표!AD40 -> - | Q22: =맥본_원가표!AE40 -> 300 | R22: =맥본_원가표!AF40 -> 150 | S22: =맥본_원가표!AG40 -> 50 | T22: =맥본_원가표!AH40 -> 100 | U22: =맥본_원가표!AI40 -> 200
D23: =맥본_원가표!J41 -> 5 | E23: =맥본_원가표!P41 -> 500 | F23: =맥본_원가표!I40 -> 245303.8 | G23: =맥본_원가표!O41 -> 1748.388 | H23: =맥본_원가표!Q41 -> 5500 | I23: =맥본_원가표!R41 -> 0.68211127 | J23: =맥본_원가표!W41 -> 1100000 | K23: =맥본_원가표!X41 -> 990000 | L23: =맥본_원가표!Y41 -> 935000 | M23: =맥본_원가표!Z41 -> 880000 | N23: =맥본_원가표!AA41 -> 4400 | O23: =맥본_원가표!AC41 -> 용기포함 | P23: =맥본_원가표!AD41 -> - | Q23: =맥본_원가표!AE41 -> 300 | R23: =맥본_원가표!AF41 -> 150 | S23: =맥본_원가표!AG41 -> 50 | T23: =맥본_원가표!AH41 -> 100 | U23: =맥본_원가표!AI41 -> 200
D24: =맥본_원가표!J42 -> 10 | E24: =맥본_원가표!P42 -> 500 | F24: =맥본_원가표!I40 -> 245303.8 | G24: =맥본_원가표!O42 -> 3232.476 | H24: =맥본_원가표!Q42 -> 8000 | I24: =맥본_원가표!R42 -> 0.5959405 | J24: =맥본_원가표!W42 -> 800000 | K24: =맥본_원가표!X42 -> 720000 | L24: =맥본_원가표!Y42 -> 680000 | M24: =맥본_원가표!Z42 -> 640000 | N24: =맥본_원가표!AA42 -> 6400 | O24: =맥본_원가표!AC42 -> 용기포함 | P24: =맥본_원가표!AD42 -> - | Q24: =맥본_원가표!AE42 -> 300 | R24: =맥본_원가표!AF42 -> 150 | S24: =맥본_원가표!AG42 -> 50 | T24: =맥본_원가표!AH42 -> 100 | U24: =맥본_원가표!AI42 -> 200
C25: TH SERIES (초고순도 / 저온저습) | D25: =맥본_원가표!J43 -> 3 | E25: =맥본_원가표!P43 -> 500 | F25: =맥본_원가표!I43 -> 70416 | G25: =맥본_원가표!O43 -> 519.91008 | H25: =맥본_원가표!Q43 -> 1600 | I25: =맥본_원가표!R43 -> 0.6750562 | J25: =맥본_원가표!W43 -> 533333.33 | K25: =맥본_원가표!X43 -> 480000 | L25: =맥본_원가표!Y43 -> 453333.33 | M25: =맥본_원가표!Z43 -> 426666.67 | N25: =맥본_원가표!AA43 -> 1280 | O25: =맥본_원가표!AC43 -> 용기포함 | P25: =맥본_원가표!AD43 -> - | Q25: =맥본_원가표!AE43 -> 300 | R25: =맥본_원가표!AF43 -> 150 | S25: =맥본_원가표!AG43 -> 50 | T25: =맥본_원가표!AH43 -> 100 | U25: =맥본_원가표!AI43 -> 200
D26: =맥본_원가표!J44 -> 5 | E26: =맥본_원가표!P44 -> 500 | F26: =맥본_원가표!I43 -> 70416 | G26: =맥본_원가표!O44 -> 690.3168 | H26: =맥본_원가표!Q44 -> 2000 | I26: =맥본_원가표!R44 -> 0.6548416 | J26: =맥본_원가표!W44 -> 400000 | K26: =맥본_원가표!X44 -> 360000 | L26: =맥본_원가표!Y44 -> 340000 | M26: =맥본_원가표!Z44 -> 320000 | N26: =맥본_원가표!AA44 -> 1600 | O26: =맥본_원가표!AC44 -> 용기포함 | P26: =맥본_원가표!AD44 -> - | Q26: =맥본_원가표!AE44 -> 300 | R26: =맥본_원가표!AF44 -> 150 | S26: =맥본_원가표!AG44 -> 50 | T26: =맥본_원가표!AH44 -> 100 | U26: =맥본_원가표!AI44 -> 200
D27: =맥본_원가표!J45 -> 10 | E27: =맥본_원가표!P45 -> 500 | F27: =맥본_원가표!I43 -> 70416 | G27: =맥본_원가표!O45 -> 1116.3336 | H27: =맥본_원가표!Q45 -> 3000 | I27: =맥본_원가표!R45 -> 0.6278888 | J27: =맥본_원가표!W45 -> 300000 | K27: =맥본_원가표!X45 -> 270000 | L27: =맥본_원가표!Y45 -> 255000 | M27: =맥본_원가표!Z45 -> 240000 | N27: =맥본_원가표!AA45 -> 2400 | O27: =맥본_원가표!AC45 -> 용기포함 | P27: =맥본_원가표!AD45 -> - | Q27: =맥본_원가표!AE45 -> 300 | R27: =맥본_원가표!AF45 -> 150 | S27: =맥본_원가표!AG45 -> 50 | T27: =맥본_원가표!AH45 -> 100 | U27: =맥본_원가표!AI45 -> 200
C28: CM SERIES (초고순도 / 유연성) | D28: =맥본_원가표!J46 -> 3 | E28: =맥본_원가표!P46 -> 500 | F28: =맥본_원가표!I46 -> 86346 | G28: =맥본_원가표!O46 -> 577.73598 | H28: =맥본_원가표!Q46 -> 1400 | I28: =맥본_원가표!R46 -> 0.58733144 | J28: =맥본_원가표!W46 -> 466666.67 | K28: =맥본_원가표!X46 -> 420000 | L28: =맥본_원가표!Y46 -> 396666.67 | M28: =맥본_원가표!Z46 -> 373333.33 | N28: =맥본_원가표!AA46 -> 1120 | O28: =맥본_원가표!AC46 -> 용기포함 | P28: =맥본_원가표!AD46 -> - | Q28: =맥본_원가표!AE46 -> 300 | R28: =맥본_원가표!AF46 -> 150 | S28: =맥본_원가표!AG46 -> 50 | T28: =맥본_원가표!AH46 -> 100 | U28: =맥본_원가표!AI46 -> 200
D29: =맥본_원가표!J47 -> 5 | E29: =맥본_원가표!P47 -> 500 | F29: =맥본_원가표!I46 -> 86346 | G29: =맥본_원가표!O47 -> 786.6933 | H29: =맥본_원가표!Q47 -> 1800 | I29: =맥본_원가표!R47 -> 0.56294817 | J29: =맥본_원가표!W47 -> 360000 | K29: =맥본_원가표!X47 -> 324000 | L29: =맥본_원가표!Y47 -> 306000 | M29: =맥본_원가표!Z47 -> 288000 | N29: =맥본_원가표!AA47 -> 1440 | O29: =맥본_원가표!AC47 -> 용기포함 | P29: =맥본_원가표!AD47 -> - | Q29: =맥본_원가표!AE47 -> 300 | R29: =맥본_원가표!AF47 -> 150 | S29: =맥본_원가표!AG47 -> 50 | T29: =맥본_원가표!AH47 -> 100 | U29: =맥본_원가표!AI47 -> 200
D30: =맥본_원가표!J48 -> 10 | E30: =맥본_원가표!P48 -> 500 | F30: =맥본_원가표!I46 -> 86346 | G30: =맥본_원가표!O48 -> 1309.0866 | H30: =맥본_원가표!Q48 -> 2800 | I30: =맥본_원가표!R48 -> 0.53246907 | J30: =맥본_원가표!W48 -> 280000 | K30: =맥본_원가표!X48 -> 252000 | L30: =맥본_원가표!Y48 -> 238000 | M30: =맥본_원가표!Z48 -> 224000 | N30: =맥본_원가표!AA48 -> 2240 | O30: =맥본_원가표!AC48 -> 용기포함 | P30: =맥본_원가표!AD48 -> - | Q30: =맥본_원가표!AE48 -> 300 | R30: =맥본_원가표!AF48 -> 150 | S30: =맥본_원가표!AG48 -> 50 | T30: =맥본_원가표!AH48 -> 100 | U30: =맥본_원가표!AI48 -> 200
C31: S SERIES (고순도 / 빠른경화) | D31: =맥본_원가표!J49 -> 3 | E31: =맥본_원가표!P49 -> 500 | F31: =맥본_원가표!I49 -> 61920 | G31: =맥본_원가표!O49 -> 489.0696 | H31: =맥본_원가표!Q49 -> 1200 | I31: =맥본_원가표!R49 -> 0.592442 | J31: =맥본_원가표!W49 -> 400000 | K31: =맥본_원가표!X49 -> 360000 | L31: =맥본_원가표!Y49 -> 340000 | M31: =맥본_원가표!Z49 -> 320000 | N31: =맥본_원가표!AA49 -> 960 | O31: =맥본_원가표!AC49 -> 용기포함 | P31: =맥본_원가표!AD49 -> - | Q31: =맥본_원가표!AE49 -> 300 | R31: =맥본_원가표!AF49 -> 150 | S31: =맥본_원가표!AG49 -> 50 | T31: =맥본_원가표!AH49 -> 100 | U31: =맥본_원가표!AI49 -> 200
D32: =맥본_원가표!J50 -> 5 | E32: =맥본_원가표!P50 -> 500 | F32: =맥본_원가표!I49 -> 61920 | G32: =맥본_원가표!O50 -> 638.916 | H32: =맥본_원가표!Q50 -> 1600 | I32: =맥본_원가표!R50 -> 0.6006775 | J32: =맥본_원가표!W50 -> 320000 | K32: =맥본_원가표!X50 -> 288000 | L32: =맥본_원가표!Y50 -> 272000 | M32: =맥본_원가표!Z50 -> 256000 | N32: =맥본_원가표!AA50 -> 1280 | O32: =맥본_원가표!AC50 -> 용기포함 | P32: =맥본_원가표!AD50 -> - | Q32: =맥본_원가표!AE50 -> 300 | R32: =맥본_원가표!AF50 -> 150 | S32: =맥본_원가표!AG50 -> 50 | T32: =맥본_원가표!AH50 -> 100 | U32: =맥본_원가표!AI50 -> 200
D33: =맥본_원가표!J51 -> 10 | E33: =맥본_원가표!P51 -> 500 | F33: =맥본_원가표!I49 -> 61920 | G33: =맥본_원가표!O51 -> 1013.532 | H33: =맥본_원가표!Q51 -> 2600 | I33: =맥본_원가표!R51 -> 0.61018 | J33: =맥본_원가표!W51 -> 260000 | K33: =맥본_원가표!X51 -> 234000 | L33: =맥본_원가표!Y51 -> 221000 | M33: =맥본_원가표!Z51 -> 208000 | N33: =맥본_원가표!AA51 -> 2080 | O33: =맥본_원가표!AC51 -> 용기포함 | P33: =맥본_원가표!AD51 -> - | Q33: =맥본_원가표!AE51 -> 300 | R33: =맥본_원가표!AF51 -> 150 | S33: =맥본_원가표!AG51 -> 50 | T33: =맥본_원가표!AH51 -> 100 | U33: =맥본_원가표!AI51 -> 200
C34: E SERIES (보급형) | D34: =맥본_원가표!J52 -> 3 | E34: =맥본_원가표!P52 -> 500 | F34: =맥본_원가표!I52 -> 51654 | G34: =맥본_원가표!O52 -> 451.80402 | H34: =맥본_원가표!Q52 -> 1100 | I34: =맥본_원가표!R52 -> 0.58926907 | J34: =맥본_원가표!W52 -> 366666.67 | K34: =맥본_원가표!X52 -> 330000 | L34: =맥본_원가표!Y52 -> 311666.67 | M34: =맥본_원가표!Z52 -> 293333.33 | N34: =맥본_원가표!AA52 -> 880 | O34: =맥본_원가표!AC52 -> 용기포함 | P34: =맥본_원가표!AD52 -> - | Q34: =맥본_원가표!AE52 -> 300 | R34: =맥본_원가표!AF52 -> 150 | S34: =맥본_원가표!AG52 -> 50 | T34: =맥본_원가표!AH52 -> 100 | U34: =맥본_원가표!AI52 -> 200
D35: =맥본_원가표!J53 -> 5 | E35: =맥본_원가표!P53 -> 500 | F35: =맥본_원가표!I52 -> 51654 | G35: =맥본_원가표!O53 -> 576.8067 | H35: =맥본_원가표!Q53 -> 1400 | I35: =맥본_원가표!R53 -> 0.58799521 | J35: =맥본_원가표!W53 -> 280000 | K35: =맥본_원가표!X53 -> 252000 | L35: =맥본_원가표!Y53 -> 238000 | M35: =맥본_원가표!Z53 -> 224000 | N35: =맥본_원가표!AA53 -> 1120 | O35: =맥본_원가표!AC53 -> 용기포함 | P35: =맥본_원가표!AD53 -> - | Q35: =맥본_원가표!AE53 -> 300 | R35: =맥본_원가표!AF53 -> 150 | S35: =맥본_원가표!AG53 -> 50 | T35: =맥본_원가표!AH53 -> 100 | U35: =맥본_원가표!AI53 -> 200
D36: =맥본_원가표!J54 -> 10 | E36: =맥본_원가표!P54 -> 500 | F36: =맥본_원가표!I52 -> 51654 | G36: =맥본_원가표!O54 -> 889.3134 | H36: =맥본_원가표!Q54 -> 2400 | I36: =맥본_원가표!R54 -> 0.62945275 | J36: =맥본_원가표!W54 -> 240000 | K36: =맥본_원가표!X54 -> 216000 | L36: =맥본_원가표!Y54 -> 204000 | M36: =맥본_원가표!Z54 -> 192000 | N36: =맥본_원가표!AA54 -> 1920 | O36: =맥본_원가표!AC54 -> 용기포함 | P36: =맥본_원가표!AD54 -> - | Q36: =맥본_원가표!AE54 -> 300 | R36: =맥본_원가표!AF54 -> 150 | S36: =맥본_원가표!AG54 -> 50 | T36: =맥본_원가표!AH54 -> 100 | U36: =맥본_원가표!AI54 -> 200
C37: K158-R9 (PMMA, 무취, 저자극) | D37: =맥본_원가표!J55 -> 3 | E37: =맥본_원가표!P55 -> 500 | F37: =맥본_원가표!I55 -> 104400 | G37: =맥본_원가표!O55 -> 643.272 | H37: =맥본_원가표!Q55 -> 1800 | I37: =맥본_원가표!R55 -> 0.64262667 | J37: =맥본_원가표!W55 -> 600000 | K37: =맥본_원가표!X55 -> 540000 | L37: =맥본_원가표!Y55 -> 510000 | M37: =맥본_원가표!Z55 -> 480000 | N37: =맥본_원가표!AA55 -> 1440 | O37: =맥본_원가표!AC55 -> 용기포함 | P37: =맥본_원가표!AD55 -> - | Q37: =맥본_원가표!AE55 -> 300 | R37: =맥본_원가표!AF55 -> 150 | S37: =맥본_원가표!AG55 -> 50 | T37: =맥본_원가표!AH55 -> 100 | U37: =맥본_원가표!AI55 -> 200
D38: =맥본_원가표!J56 -> 5 | E38: =맥본_원가표!P56 -> 500 | F38: =맥본_원가표!I55 -> 104400 | G38: =맥본_원가표!O56 -> 895.92 | H38: =맥본_원가표!Q56 -> 2300 | I38: =맥본_원가표!R56 -> 0.61046957 | J38: =맥본_원가표!W56 -> 460000 | K38: =맥본_원가표!X56 -> 414000 | L38: =맥본_원가표!Y56 -> 391000 | M38: =맥본_원가표!Z56 -> 368000 | N38: =맥본_원가표!AA56 -> 1840 | O38: =맥본_원가표!AC56 -> 용기포함 | P38: =맥본_원가표!AD56 -> - | Q38: =맥본_원가표!AE56 -> 300 | R38: =맥본_원가표!AF56 -> 150 | S38: =맥본_원가표!AG56 -> 50 | T38: =맥본_원가표!AH56 -> 100 | U38: =맥본_원가표!AI56 -> 200
D39: =맥본_원가표!J57 -> 10 | E39: =맥본_원가표!P57 -> 500 | F39: =맥본_원가표!I55 -> 104400 | G39: =맥본_원가표!O57 -> 1527.54 | H39: =맥본_원가표!Q57 -> 3600 | I39: =맥본_원가표!R57 -> 0.57568333 | J39: =맥본_원가표!W57 -> 360000 | K39: =맥본_원가표!X57 -> 324000 | L39: =맥본_원가표!Y57 -> 306000 | M39: =맥본_원가표!Z57 -> 288000 | N39: =맥본_원가표!AA57 -> 2880 | O39: =맥본_원가표!AC57 -> 용기포함 | P39: =맥본_원가표!AD57 -> - | Q39: =맥본_원가표!AE57 -> 300 | R39: =맥본_원가표!AF57 -> 150 | S39: =맥본_원가표!AG57 -> 50 | T39: =맥본_원가표!AH57 -> 100 | U39: =맥본_원가표!AI57 -> 200
A40: 리무버 | B40: 리무버 | C40: GBL REMOVER K25 / K26 / K27 / R145 (겔, 크림) | D40: =맥본_원가표!J63 -> 5 | E40: =맥본_원가표!P63 -> 1000 | F40: =맥본_원가표!I63 -> 20000 | G40: =맥본_원가표!O63 -> 385.3 | H40: =맥본_원가표!Q63 -> 1000 | I40: =맥본_원가표!R63 -> 0.6147 | J40: =맥본_원가표!W63 -> 200000 | K40: =맥본_원가표!X63 -> 180000 | L40: =맥본_원가표!Y63 -> 170000 | M40: =맥본_원가표!Z63 -> 160000 | N40: =맥본_원가표!AA63 -> 800 | O40: =맥본_원가표!AC63 -> 용기별도 | P40: =맥본_원가표!AD63 -> 200 | Q40: =맥본_원가표!AE63 -> 300 | R40: =맥본_원가표!AF63 -> 150 | S40: =맥본_원가표!AG63 -> 50 | T40: =맥본_원가표!AH63 -> 100 | U40: =맥본_원가표!AI63 -> 200
D41: =맥본_원가표!J64 -> 10 | E41: =맥본_원가표!P64 -> 1000 | F41: =맥본_원가표!I63 -> 20000 | G41: =맥본_원가표!O64 -> 506.3 | H41: =맥본_원가표!Q64 -> 1200 | I41: =맥본_원가표!R64 -> 0.57808333 | J41: =맥본_원가표!W64 -> 120000 | K41: =맥본_원가표!X64 -> 108000 | L41: =맥본_원가표!Y64 -> 102000 | M41: =맥본_원가표!Z64 -> 96000 | N41: =맥본_원가표!AA64 -> 960 | O41: =맥본_원가표!AC64 -> 용기별도 | P41: =맥본_원가표!AD64 -> 200 | Q41: =맥본_원가표!AE64 -> 300 | R41: =맥본_원가표!AF64 -> 150 | S41: =맥본_원가표!AG64 -> 50 | T41: =맥본_원가표!AH64 -> 100 | U41: =맥본_원가표!AI64 -> 200
D42: =맥본_원가표!J65 -> 15 | E42: =맥본_원가표!P65 -> 1000 | F42: =맥본_원가표!I63 -> 20000 | G42: =맥본_원가표!O65 -> 627.3 | H42: =맥본_원가표!Q65 -> 1400 | I42: =맥본_원가표!R65 -> 0.55192857 | J42: =맥본_원가표!W65 -> 93333.333 | K42: =맥본_원가표!X65 -> 84000 | L42: =맥본_원가표!Y65 -> 79333.333 | M42: =맥본_원가표!Z65 -> 74666.667 | N42: =맥본_원가표!AA65 -> 1120 | O42: =맥본_원가표!AC65 -> 용기별도 | P42: =맥본_원가표!AD65 -> 200 | Q42: =맥본_원가표!AE65 -> 300 | R42: =맥본_원가표!AF65 -> 150 | S42: =맥본_원가표!AG65 -> 50 | T42: =맥본_원가표!AH65 -> 100 | U42: =맥본_원가표!AI65 -> 200
D43: =맥본_원가표!J66 -> 20 | E43: =맥본_원가표!P66 -> 1000 | F43: =맥본_원가표!I63 -> 20000 | G43: =맥본_원가표!O66 -> 748.3 | H43: =맥본_원가표!Q66 -> 1600 | I43: =맥본_원가표!R66 -> 0.5323125 | J43: =맥본_원가표!W66 -> 80000 | K43: =맥본_원가표!X66 -> 72000 | L43: =맥본_원가표!Y66 -> 68000 | M43: =맥본_원가표!Z66 -> 64000 | N43: =맥본_원가표!AA66 -> 1280 | O43: =맥본_원가표!AC66 -> 용기별도 | P43: =맥본_원가표!AD66 -> 200 | Q43: =맥본_원가표!AE66 -> 300 | R43: =맥본_원가표!AF66 -> 150 | S43: =맥본_원가표!AG66 -> 50 | T43: =맥본_원가표!AH66 -> 100 | U43: =맥본_원가표!AI66 -> 200
C44: P/C REMOVER T61 (에멀젼) | D44: =맥본_원가표!J67 -> 5 | E44: =맥본_원가표!P67 -> 1000 | F44: =맥본_원가표!I67 -> 31240 | G44: =맥본_원가표!O67 -> 453.302 | H44: =맥본_원가표!Q67 -> 1200 | I44: =맥본_원가표!R67 -> 0.62224833 | J44: =맥본_원가표!W67 -> 240000 | K44: =맥본_원가표!X67 -> 216000 | L44: =맥본_원가표!Y67 -> 204000 | M44: =맥본_원가표!Z67 -> 192000 | N44: =맥본_원가표!AA67 -> 960 | O44: =맥본_원가표!AC67 -> 용기별도 | P44: =맥본_원가표!AD67 -> 200 | Q44: =맥본_원가표!AE67 -> 300 | R44: =맥본_원가표!AF67 -> 150 | S44: =맥본_원가표!AG67 -> 50 | T44: =맥본_원가표!AH67 -> 100 | U44: =맥본_원가표!AI67 -> 200
D45: =맥본_원가표!J68 -> 10 | E45: =맥본_원가표!P68 -> 1000 | F45: =맥본_원가표!I67 -> 31240 | G45: =맥본_원가표!O68 -> 642.304 | H45: =맥본_원가표!Q68 -> 1500 | I45: =맥본_원가표!R68 -> 0.57179733 | J45: =맥본_원가표!W68 -> 150000 | K45: =맥본_원가표!X68 -> 135000 | L45: =맥본_원가표!Y68 -> 127500 | M45: =맥본_원가표!Z68 -> 120000 | N45: =맥본_원가표!AA68 -> 1200 | O45: =맥본_원가표!AC68 -> 용기별도 | P45: =맥본_원가표!AD68 -> 200 | Q45: =맥본_원가표!AE68 -> 300 | R45: =맥본_원가표!AF68 -> 150 | S45: =맥본_원가표!AG68 -> 50 | T45: =맥본_원가표!AH68 -> 100 | U45: =맥본_원가표!AI68 -> 200
D46: =맥본_원가표!J69 -> 15 | E46: =맥본_원가표!P69 -> 1000 | F46: =맥본_원가표!I67 -> 31240 | G46: =맥본_원가표!O69 -> 831.306 | H46: =맥본_원가표!Q69 -> 1800 | I46: =맥본_원가표!R69 -> 0.53816333 | J46: =맥본_원가표!W69 -> 120000 | K46: =맥본_원가표!X69 -> 108000 | L46: =맥본_원가표!Y69 -> 102000 | M46: =맥본_원가표!Z69 -> 96000 | N46: =맥본_원가표!AA69 -> 1440 | O46: =맥본_원가표!AC69 -> 용기별도 | P46: =맥본_원가표!AD69 -> 200 | Q46: =맥본_원가표!AE69 -> 300 | R46: =맥본_원가표!AF69 -> 150 | S46: =맥본_원가표!AG69 -> 50 | T46: =맥본_원가표!AH69 -> 100 | U46: =맥본_원가표!AI69 -> 200
D47: =맥본_원가표!J70 -> 20 | E47: =맥본_원가표!P70 -> 1000 | F47: =맥본_원가표!I67 -> 31240 | G47: =맥본_원가표!O70 -> 1020.308 | H47: =맥본_원가표!Q70 -> 2100 | I47: =맥본_원가표!R70 -> 0.51413905 | J47: =맥본_원가표!W70 -> 105000 | K47: =맥본_원가표!X70 -> 94500 | L47: =맥본_원가표!Y70 -> 89250 | M47: =맥본_원가표!Z70 -> 84000 | N47: =맥본_원가표!AA70 -> 1680 | O47: =맥본_원가표!AC70 -> 용기별도 | P47: =맥본_원가표!AD70 -> 200 | Q47: =맥본_원가표!AE70 -> 300 | R47: =맥본_원가표!AF70 -> 150 | S47: =맥본_원가표!AG70 -> 50 | T47: =맥본_원가표!AH70 -> 100 | U47: =맥본_원가표!AI70 -> 200
C48: P/C REMOVER T08 / TS01 / TS01(DL) (겔, 크림) | D48: =맥본_원가표!J71 -> 5 | E48: =맥본_원가표!P71 -> 1000 | F48: =맥본_원가표!I71 -> 26000 | G48: =맥본_원가표!O71 -> 421.6 | H48: =맥본_원가표!Q71 -> 1100 | I48: =맥본_원가표!R71 -> 0.61672727 | J48: =맥본_원가표!W71 -> 220000 | K48: =맥본_원가표!X71 -> 198000 | L48: =맥본_원가표!Y71 -> 187000 | M48: =맥본_원가표!Z71 -> 176000 | N48: =맥본_원가표!AA71 -> 880 | O48: =맥본_원가표!AC71 -> 용기별도 | P48: =맥본_원가표!AD71 -> 200 | Q48: =맥본_원가표!AE71 -> 300 | R48: =맥본_원가표!AF71 -> 150 | S48: =맥본_원가표!AG71 -> 50 | T48: =맥본_원가표!AH71 -> 100 | U48: =맥본_원가표!AI71 -> 200
D49: =맥본_원가표!J72 -> 10 | E49: =맥본_원가표!P72 -> 1000 | F49: =맥본_원가표!I71 -> 26000 | G49: =맥본_원가표!O72 -> 578.9 | H49: =맥본_원가표!Q72 -> 1300 | I49: =맥본_원가표!R72 -> 0.55469231 | J49: =맥본_원가표!W72 -> 130000 | K49: =맥본_원가표!X72 -> 117000 | L49: =맥본_원가표!Y72 -> 110500 | M49: =맥본_원가표!Z72 -> 104000 | N49: =맥본_원가표!AA72 -> 1040 | O49: =맥본_원가표!AC72 -> 용기별도 | P49: =맥본_원가표!AD72 -> 200 | Q49: =맥본_원가표!AE72 -> 300 | R49: =맥본_원가표!AF72 -> 150 | S49: =맥본_원가표!AG72 -> 50 | T49: =맥본_원가표!AH72 -> 100 | U49: =맥본_원가표!AI72 -> 200
D50: =맥본_원가표!J73 -> 15 | E50: =맥본_원가표!P73 -> 1000 | F50: =맥본_원가표!I71 -> 26000 | G50: =맥본_원가표!O73 -> 736.2 | H50: =맥본_원가표!Q73 -> 1500 | I50: =맥본_원가표!R73 -> 0.5092 | J50: =맥본_원가표!W73 -> 100000 | K50: =맥본_원가표!X73 -> 90000 | L50: =맥본_원가표!Y73 -> 85000 | M50: =맥본_원가표!Z73 -> 80000 | N50: =맥본_원가표!AA73 -> 1200 | O50: =맥본_원가표!AC73 -> 용기별도 | P50: =맥본_원가표!AD73 -> 200 | Q50: =맥본_원가표!AE73 -> 300 | R50: =맥본_원가표!AF73 -> 150 | S50: =맥본_원가표!AG73 -> 50 | T50: =맥본_원가표!AH73 -> 100 | U50: =맥본_원가표!AI73 -> 200
D51: =맥본_원가표!J74 -> 20 | E51: =맥본_원가표!P74 -> 1000 | F51: =맥본_원가표!I71 -> 26000 | G51: =맥본_원가표!O74 -> 893.5 | H51: =맥본_원가표!Q74 -> 1700 | I51: =맥본_원가표!R74 -> 0.47441176 | J51: =맥본_원가표!W74 -> 85000 | K51: =맥본_원가표!X74 -> 76500 | L51: =맥본_원가표!Y74 -> 72250 | M51: =맥본_원가표!Z74 -> 68000 | N51: =맥본_원가표!AA74 -> 1360 | O51: =맥본_원가표!AC74 -> 용기별도 | P51: =맥본_원가표!AD74 -> 200 | Q51: =맥본_원가표!AE74 -> 300 | R51: =맥본_원가표!AF74 -> 150 | S51: =맥본_원가표!AG74 -> 50 | T51: =맥본_원가표!AH74 -> 100 | U51: =맥본_원가표!AI74 -> 200
A52: 래쉬샴푸/전,후처리제 | B52: 클렌징 | C52: M01 (버블폼) | D52: =맥본_원가표!J87 -> 50 | E52: =맥본_원가표!P87 -> 1000 | F52: =맥본_원가표!I87 -> 4000 | G52: =맥본_원가표!O87 -> 506.3 | H52: =맥본_원가표!Q87 -> 1200 | I52: =맥본_원가표!R87 -> 0.57808333 | J52: =맥본_원가표!W87 -> 24000 | K52: =맥본_원가표!X87 -> 21600 | L52: =맥본_원가표!Y87 -> 20400 | M52: =맥본_원가표!Z87 -> 19200 | N52: =맥본_원가표!AA87 -> 960 | O52: =맥본_원가표!AC87 -> 용기별도 | P52: =맥본_원가표!AD87 -> 600 | Q52: =맥본_원가표!AE87 -> 300 | R52: =맥본_원가표!AF87 -> 150 | S52: =맥본_원가표!AG87 -> 50 | T52: =맥본_원가표!AH87 -> 100 | U52: =맥본_원가표!AI87 -> 200
D53: =맥본_원가표!J88 -> 100 | E53: =맥본_원가표!P88 -> 1000 | F53: =맥본_원가표!I87 -> 4000 | G53: =맥본_원가표!O88 -> 748.3 | H53: =맥본_원가표!Q88 -> 1800 | I53: =맥본_원가표!R88 -> 0.58427778 | J53: =맥본_원가표!W88 -> 18000 | K53: =맥본_원가표!X88 -> 16200 | L53: =맥본_원가표!Y88 -> 15300 | M53: =맥본_원가표!Z88 -> 14400 | N53: =맥본_원가표!AA88 -> 1440 | O53: =맥본_원가표!AC88 -> 용기별도 | P53: =맥본_원가표!AD88 -> 600 | Q53: =맥본_원가표!AE88 -> 300 | R53: =맥본_원가표!AF88 -> 150 | S53: =맥본_원가표!AG88 -> 50 | T53: =맥본_원가표!AH88 -> 100 | U53: =맥본_원가표!AI88 -> 200
D54: =맥본_원가표!J89 -> 150 | E54: =맥본_원가표!P89 -> 1000 | F54: =맥본_원가표!I87 -> 4000 | G54: =맥본_원가표!O89 -> 990.3 | H54: =맥본_원가표!Q89 -> 2400 | I54: =맥본_원가표!R89 -> 0.587375 | J54: =맥본_원가표!W89 -> 16000 | K54: =맥본_원가표!X89 -> 14400 | L54: =맥본_원가표!Y89 -> 13600 | M54: =맥본_원가표!Z89 -> 12800 | N54: =맥본_원가표!AA89 -> 1920 | O54: =맥본_원가표!AC89 -> 용기별도 | P54: =맥본_원가표!AD89 -> 600 | Q54: =맥본_원가표!AE89 -> 300 | R54: =맥본_원가표!AF89 -> 150 | S54: =맥본_원가표!AG89 -> 50 | T54: =맥본_원가표!AH89 -> 100 | U54: =맥본_원가표!AI89 -> 200
B55: 전처리제 | C55: P11D SERIES (알콜함유 전처리제) | D55: =맥본_원가표!J90 -> 5 | E55: =맥본_원가표!P90 -> 1000 | F55: =맥본_원가표!I90 -> 2000 | G55: =맥본_원가표!O90 -> 276.4 | H55: =맥본_원가표!Q90 -> 1100 | I55: =맥본_원가표!R90 -> 0.74872727 | J55: =맥본_원가표!W90 -> 220000 | K55: =맥본_원가표!X90 -> 198000 | L55: =맥본_원가표!Y90 -> 187000 | M55: =맥본_원가표!Z90 -> 176000 | N55: =맥본_원가표!AA90 -> 880 | O55: =맥본_원가표!AC90 -> 용기별도 | P55: =맥본_원가표!AD90 -> 200 | Q55: =맥본_원가표!AE90 -> 300 | R55: =맥본_원가표!AF90 -> 150 | S55: =맥본_원가표!AG90 -> 50 | T55: =맥본_원가표!AH90 -> 100 | U55: =맥본_원가표!AI90 -> 200
D56: =맥본_원가표!J91 -> 10 | E56: =맥본_원가표!P91 -> 1000 | F56: =맥본_원가표!I90 -> 2000 | G56: =맥본_원가표!O91 -> 288.5 | H56: =맥본_원가표!Q91 -> 1300 | I56: =맥본_원가표!R91 -> 0.77807692 | J56: =맥본_원가표!W91 -> 130000 | K56: =맥본_원가표!X91 -> 117000 | L56: =맥본_원가표!Y91 -> 110500 | M56: =맥본_원가표!Z91 -> 104000 | N56: =맥본_원가표!AA91 -> 1040 | O56: =맥본_원가표!AC91 -> 용기별도 | P56: =맥본_원가표!AD91 -> 200 | Q56: =맥본_원가표!AE91 -> 300 | R56: =맥본_원가표!AF91 -> 150 | S56: =맥본_원가표!AG91 -> 50 | T56: =맥본_원가표!AH91 -> 100 | U56: =맥본_원가표!AI91 -> 200
D57: =맥본_원가표!J92 -> 15 | E57: =맥본_원가표!P92 -> 1000 | F57: =맥본_원가표!I90 -> 2000 | G57: =맥본_원가표!O92 -> 300.6 | H57: =맥본_원가표!Q92 -> 1500 | I57: =맥본_원가표!R92 -> 0.7996 | J57: =맥본_원가표!W92 -> 100000 | K57: =맥본_원가표!X92 -> 90000 | L57: =맥본_원가표!Y92 -> 85000 | M57: =맥본_원가표!Z92 -> 80000 | N57: =맥본_원가표!AA92 -> 1200 | O57: =맥본_원가표!AC92 -> 용기별도 | P57: =맥본_원가표!AD92 -> 200 | Q57: =맥본_원가표!AE92 -> 300 | R57: =맥본_원가표!AF92 -> 150 | S57: =맥본_원가표!AG92 -> 50 | T57: =맥본_원가표!AH92 -> 100 | U57: =맥본_원가표!AI92 -> 200
C58: AT26 (음이온부여, ph조절기능) | D58: =맥본_원가표!J93 -> 5 | E58: =맥본_원가표!P93 -> 1000 | F58: =맥본_원가표!I93 -> 4000 | G58: =맥본_원가표!O93 -> 288.5 | H58: =맥본_원가표!Q93 -> 1200 | I58: =맥본_원가표!R93 -> 0.75958333 | J58: =맥본_원가표!W93 -> 240000 | K58: =맥본_원가표!X93 -> 216000 | L58: =맥본_원가표!Y93 -> 204000 | M58: =맥본_원가표!Z93 -> 192000 | N58: =맥본_원가표!AA93 -> 960 | O58: =맥본_원가표!AC93 -> 용기별도 | P58: =맥본_원가표!AD93 -> 200 | Q58: =맥본_원가표!AE93 -> 300 | R58: =맥본_원가표!AF93 -> 150 | S58: =맥본_원가표!AG93 -> 50 | T58: =맥본_원가표!AH93 -> 100 | U58: =맥본_원가표!AI93 -> 200
D59: =맥본_원가표!J94 -> 10 | E59: =맥본_원가표!P94 -> 1000 | F59: =맥본_원가표!I93 -> 4000 | G59: =맥본_원가표!O94 -> 312.7 | H59: =맥본_원가표!Q94 -> 1800 | I59: =맥본_원가표!R94 -> 0.82627778 | J59: =맥본_원가표!W94 -> 180000 | K59: =맥본_원가표!X94 -> 162000 | L59: =맥본_원가표!Y94 -> 153000 | M59: =맥본_원가표!Z94 -> 144000 | N59: =맥본_원가표!AA94 -> 1440 | O59: =맥본_원가표!AC94 -> 용기별도 | P59: =맥본_원가표!AD94 -> 200 | Q59: =맥본_원가표!AE94 -> 300 | R59: =맥본_원가표!AF94 -> 150 | S59: =맥본_원가표!AG94 -> 50 | T59: =맥본_원가표!AH94 -> 100 | U59: =맥본_원가표!AI94 -> 200
D60: =맥본_원가표!J95 -> 15 | E60: =맥본_원가표!P95 -> 1000 | F60: =맥본_원가표!I93 -> 4000 | G60: =맥본_원가표!O95 -> 336.9 | H60: =맥본_원가표!Q95 -> 2400 | I60: =맥본_원가표!R95 -> 0.859625 | J60: =맥본_원가표!W95 -> 160000 | K60: =맥본_원가표!X95 -> 144000 | L60: =맥본_원가표!Y95 -> 136000 | M60: =맥본_원가표!Z95 -> 128000 | N60: =맥본_원가표!AA95 -> 1920 | O60: =맥본_원가표!AC95 -> 용기별도 | P60: =맥본_원가표!AD95 -> 200 | Q60: =맥본_원가표!AE95 -> 300 | R60: =맥본_원가표!AF95 -> 150 | S60: =맥본_원가표!AG95 -> 50 | T60: =맥본_원가표!AH95 -> 100 | U60: =맥본_원가표!AI95 -> 200
D61: =맥본_원가표!J96 -> 20 | E61: =맥본_원가표!P96 -> 1000 | F61: =맥본_원가표!I93 -> 4000 | G61: =맥본_원가표!O96 -> 361.1 | H61: =맥본_원가표!Q96 -> 3000 | I61: =맥본_원가표!R96 -> 0.87963333 | J61: =맥본_원가표!W96 -> 150000 | K61: =맥본_원가표!X96 -> 135000 | L61: =맥본_원가표!Y96 -> 127500 | M61: =맥본_원가표!Z96 -> 120000 | N61: =맥본_원가표!AA96 -> 2400 | O61: =맥본_원가표!AC96 -> 용기별도 | P61: =맥본_원가표!AD96 -> 200 | Q61: =맥본_원가표!AE96 -> 300 | R61: =맥본_원가표!AF96 -> 150 | S61: =맥본_원가표!AG96 -> 50 | T61: =맥본_원가표!AH96 -> 100 | U61: =맥본_원가표!AI96 -> 200
D62: =맥본_원가표!J97 -> 30 | E62: =맥본_원가표!P97 -> 1000 | F62: =맥본_원가표!I93 -> 4000 | G62: =맥본_원가표!O97 -> 409.5 | H62: =맥본_원가표!Q97 -> 4000 | I62: =맥본_원가표!R97 -> 0.897625 | J62: =맥본_원가표!W97 -> 133333.33 | K62: =맥본_원가표!X97 -> 120000 | L62: =맥본_원가표!Y97 -> 113333.33 | M62: =맥본_원가표!Z97 -> 106666.67 | N62: =맥본_원가표!AA97 -> 3200 | O62: =맥본_원가표!AC97 -> 용기별도 | P62: =맥본_원가표!AD97 -> 200 | Q62: =맥본_원가표!AE97 -> 300 | R62: =맥본_원가표!AF97 -> 150 | S62: =맥본_원가표!AG97 -> 50 | T62: =맥본_원가표!AH97 -> 100 | U62: =맥본_원가표!AI97 -> 200
B63: 슈퍼본더 | C63: AC95 | D63: =맥본_원가표!J98 -> 5 | E63: =맥본_원가표!P98 -> 1000 | F63: =맥본_원가표!I98 -> 4000 | G63: =맥본_원가표!O98 -> 288.5 | H63: =맥본_원가표!Q98 -> 1200 | I63: =맥본_원가표!R98 -> 0.75958333 | J63: =맥본_원가표!W98 -> 240000 | K63: =맥본_원가표!X98 -> 216000 | L63: =맥본_원가표!Y98 -> 204000 | M63: =맥본_원가표!Z98 -> 192000 | N63: =맥본_원가표!AA98 -> 960 | O63: =맥본_원가표!AC98 -> 용기별도 | P63: =맥본_원가표!AD98 -> 200 | Q63: =맥본_원가표!AE98 -> 300 | R63: =맥본_원가표!AF98 -> 150 | S63: =맥본_원가표!AG98 -> 50 | T63: =맥본_원가표!AH98 -> 100 | U63: =맥본_원가표!AI98 -> 200
D64: =맥본_원가표!J99 -> 10 | E64: =맥본_원가표!P99 -> 1000 | F64: =맥본_원가표!I98 -> 4000 | G64: =맥본_원가표!O99 -> 312.7 | H64: =맥본_원가표!Q99 -> 1800 | I64: =맥본_원가표!R99 -> 0.82627778 | J64: =맥본_원가표!W99 -> 180000 | K64: =맥본_원가표!X99 -> 162000 | L64: =맥본_원가표!Y99 -> 153000 | M64: =맥본_원가표!Z99 -> 144000 | N64: =맥본_원가표!AA99 -> 1440 | O64: =맥본_원가표!AC99 -> 용기별도 | P64: =맥본_원가표!AD99 -> 200 | Q64: =맥본_원가표!AE99 -> 300 | R64: =맥본_원가표!AF99 -> 150 | S64: =맥본_원가표!AG99 -> 50 | T64: =맥본_원가표!AH99 -> 100 | U64: =맥본_원가표!AI99 -> 200
D65: =맥본_원가표!J100 -> 15 | E65: =맥본_원가표!P100 -> 1000 | F65: =맥본_원가표!I98 -> 4000 | G65: =맥본_원가표!O100 -> 336.9 | H65: =맥본_원가표!Q100 -> 2400 | I65: =맥본_원가표!R100 -> 0.859625 | J65: =맥본_원가표!W100 -> 160000 | K65: =맥본_원가표!X100 -> 144000 | L65: =맥본_원가표!Y100 -> 136000 | M65: =맥본_원가표!Z100 -> 128000 | N65: =맥본_원가표!AA100 -> 1920 | O65: =맥본_원가표!AC100 -> 용기별도 | P65: =맥본_원가표!AD100 -> 200 | Q65: =맥본_원가표!AE100 -> 300 | R65: =맥본_원가표!AF100 -> 150 | S65: =맥본_원가표!AG100 -> 50 | T65: =맥본_원가표!AH100 -> 100 | U65: =맥본_원가표!AI100 -> 200
D66: =맥본_원가표!J101 -> 20 | E66: =맥본_원가표!P101 -> 1000 | F66: =맥본_원가표!I98 -> 4000 | G66: =맥본_원가표!O101 -> 361.1 | H66: =맥본_원가표!Q101 -> 3000 | I66: =맥본_원가표!R101 -> 0.87963333 | J66: =맥본_원가표!W101 -> 150000 | K66: =맥본_원가표!X101 -> 135000 | L66: =맥본_원가표!Y101 -> 127500 | M66: =맥본_원가표!Z101 -> 120000 | N66: =맥본_원가표!AA101 -> 2400 | O66: =맥본_원가표!AC101 -> 용기별도 | P66: =맥본_원가표!AD101 -> 200 | Q66: =맥본_원가표!AE101 -> 300 | R66: =맥본_원가표!AF101 -> 150 | S66: =맥본_원가표!AG101 -> 50 | T66: =맥본_원가표!AH101 -> 100 | U66: =맥본_원가표!AI101 -> 200
D67: =맥본_원가표!J102 -> 30 | E67: =맥본_원가표!P102 -> 1000 | F67: =맥본_원가표!I98 -> 4000 | G67: =맥본_원가표!O102 -> 409.5 | H67: =맥본_원가표!Q102 -> 4000 | I67: =맥본_원가표!R102 -> 0.897625 | J67: =맥본_원가표!W102 -> 133333.33 | K67: =맥본_원가표!X102 -> 120000 | L67: =맥본_원가표!Y102 -> 113333.33 | M67: =맥본_원가표!Z102 -> 106666.67 | N67: =맥본_원가표!AA102 -> 3200 | O67: =맥본_원가표!AC102 -> 용기별도 | P67: =맥본_원가표!AD102 -> 200 | Q67: =맥본_원가표!AE102 -> 300 | R67: =맥본_원가표!AF102 -> 150 | S67: =맥본_원가표!AG102 -> 50 | T67: =맥본_원가표!AH102 -> 100 | U67: =맥본_원가표!AI102 -> 200
A68: 코팅제/픽서/영양제 | B68: 코팅제 | C68: V507 / V507-H | D68: =맥본_원가표!J112 -> 5 | E68: =맥본_원가표!P112 -> 1000 | F68: =맥본_원가표!I112 -> 19440 | G68: =맥본_원가표!O112 -> 381.912 | H68: =맥본_원가표!Q112 -> 1200 | I68: =맥본_원가표!R112 -> 0.68174 | J68: =맥본_원가표!W112 -> 240000 | K68: =맥본_원가표!X112 -> 216000 | L68: =맥본_원가표!Y112 -> 204000 | M68: =맥본_원가표!Z112 -> 192000 | N68: =맥본_원가표!AA112 -> 960 | O68: =맥본_원가표!AC112 -> 용기별도 | P68: =맥본_원가표!AD112 -> 550 | Q68: =맥본_원가표!AE112 -> 300 | R68: =맥본_원가표!AF112 -> 150 | S68: =맥본_원가표!AG112 -> 50 | T68: =맥본_원가표!AH112 -> 100 | U68: =맥본_원가표!AI112 -> 200
D69: =맥본_원가표!J113 -> 10 | E69: =맥본_원가표!P113 -> 1000 | F69: =맥본_원가표!I112 -> 19440 | G69: =맥본_원가표!O113 -> 499.524 | H69: =맥본_원가표!Q113 -> 1500 | I69: =맥본_원가표!R113 -> 0.666984 | J69: =맥본_원가표!W113 -> 150000 | K69: =맥본_원가표!X113 -> 135000 | L69: =맥본_원가표!Y113 -> 127500 | M69: =맥본_원가표!Z113 -> 120000 | N69: =맥본_원가표!AA113 -> 1200 | O69: =맥본_원가표!AC113 -> 용기별도 | P69: =맥본_원가표!AD113 -> 600 | Q69: =맥본_원가표!AE113 -> 300 | R69: =맥본_원가표!AF113 -> 150 | S69: =맥본_원가표!AG113 -> 50 | T69: =맥본_원가표!AH113 -> 100 | U69: =맥본_원가표!AI113 -> 200
C70: CT30 / CT60 / CT62 / CT66 | D70: =맥본_원가표!J114 -> 5 | E70: =맥본_원가표!P114 -> 1000 | F70: =맥본_원가표!I114 -> 20502 | G70: =맥본_원가표!O114 -> 388.3371 | H70: =맥본_원가표!Q114 -> 1000 | I70: =맥본_원가표!R114 -> 0.6116629 | J70: =맥본_원가표!W114 -> 200000 | K70: =맥본_원가표!X114 -> 180000 | L70: =맥본_원가표!Y114 -> 170000 | M70: =맥본_원가표!Z114 -> 160000 | N70: =맥본_원가표!AA114 -> 800 | O70: =맥본_원가표!AC114 -> 용기별도 | P70: =맥본_원가표!AD114 -> 550 | Q70: =맥본_원가표!AE114 -> 300 | R70: =맥본_원가표!AF114 -> 150 | S70: =맥본_원가표!AG114 -> 50 | T70: =맥본_원가표!AH114 -> 100 | U70: =맥본_원가표!AI114 -> 200
D71: =맥본_원가표!J115 -> 10 | E71: =맥본_원가표!P115 -> 1000 | F71: =맥본_원가표!I114 -> 20502 | G71: =맥본_원가표!O115 -> 512.3742 | H71: =맥본_원가표!Q115 -> 1300 | I71: =맥본_원가표!R115 -> 0.605866 | J71: =맥본_원가표!W115 -> 130000 | K71: =맥본_원가표!X115 -> 117000 | L71: =맥본_원가표!Y115 -> 110500 | M71: =맥본_원가표!Z115 -> 104000 | N71: =맥본_원가표!AA115 -> 1040 | O71: =맥본_원가표!AC115 -> 용기별도 | P71: =맥본_원가표!AD115 -> 600 | Q71: =맥본_원가표!AE115 -> 300 | R71: =맥본_원가표!AF115 -> 150 | S71: =맥본_원가표!AG115 -> 50 | T71: =맥본_원가표!AH115 -> 100 | U71: =맥본_원가표!AI115 -> 200
B72: 세럼 | C72: H501 | D72: =맥본_원가표!J116 -> 5 | E72: =맥본_원가표!P116 -> 1000 | F72: =맥본_원가표!I116 -> 16962 | G72: =맥본_원가표!O116 -> 366.9201 | H72: =맥본_원가표!Q116 -> 1200 | I72: =맥본_원가표!R116 -> 0.69423325 | J72: =맥본_원가표!W116 -> 240000 | K72: =맥본_원가표!X116 -> 216000 | L72: =맥본_원가표!Y116 -> 204000 | M72: =맥본_원가표!Z116 -> 192000 | N72: =맥본_원가표!AA116 -> 960 | O72: =맥본_원가표!AC116 -> 용기별도 | P72: =맥본_원가표!AD116 -> 550 | Q72: =맥본_원가표!AE116 -> 300 | R72: =맥본_원가표!AF116 -> 150 | S72: =맥본_원가표!AG116 -> 50 | T72: =맥본_원가표!AH116 -> 100 | U72: =맥본_원가표!AI116 -> 200
D73: =맥본_원가표!J117 -> 10 | E73: =맥본_원가표!P117 -> 1000 | F73: =맥본_원가표!I116 -> 16962 | G73: =맥본_원가표!O117 -> 469.5402 | H73: =맥본_원가표!Q117 -> 1700 | I73: =맥본_원가표!R117 -> 0.72379988 | J73: =맥본_원가표!W117 -> 170000 | K73: =맥본_원가표!X117 -> 153000 | L73: =맥본_원가표!Y117 -> 144500 | M73: =맥본_원가표!Z117 -> 136000 | N73: =맥본_원가표!AA117 -> 1360 | O73: =맥본_원가표!AC117 -> 용기별도 | P73: =맥본_원가표!AD117 -> 600 | Q73: =맥본_원가표!AE117 -> 300 | R73: =맥본_원가표!AF117 -> 150 | S73: =맥본_원가표!AG117 -> 50 | T73: =맥본_원가표!AH117 -> 100 | U73: =맥본_원가표!AI117 -> 200
C74: H502 | D74: =맥본_원가표!J118 -> 5 | E74: =맥본_원가표!P118 -> 1000 | F74: =맥본_원가표!I118 -> 34072 | G74: =맥본_원가표!O118 -> 470.4356 | H74: =맥본_원가표!Q118 -> 1200 | I74: =맥본_원가표!R118 -> 0.60797033 | J74: =맥본_원가표!W118 -> 240000 | K74: =맥본_원가표!X118 -> 216000 | L74: =맥본_원가표!Y118 -> 204000 | M74: =맥본_원가표!Z118 -> 192000 | N74: =맥본_원가표!AA118 -> 960 | O74: =맥본_원가표!AC118 -> 용기별도 | P74: =맥본_원가표!AD118 -> 550 | Q74: =맥본_원가표!AE118 -> 300 | R74: =맥본_원가표!AF118 -> 150 | S74: =맥본_원가표!AG118 -> 50 | T74: =맥본_원가표!AH118 -> 100 | U74: =맥본_원가표!AI118 -> 200
D75: =맥본_원가표!J119 -> 10 | E75: =맥본_원가표!P119 -> 1000 | F75: =맥본_원가표!I118 -> 34072 | G75: =맥본_원가표!O119 -> 676.5712 | H75: =맥본_원가표!Q119 -> 1700 | I75: =맥본_원가표!R119 -> 0.60201694 | J75: =맥본_원가표!W119 -> 170000 | K75: =맥본_원가표!X119 -> 153000 | L75: =맥본_원가표!Y119 -> 144500 | M75: =맥본_원가표!Z119 -> 136000 | N75: =맥본_원가표!AA119 -> 1360 | O75: =맥본_원가표!AC119 -> 용기별도 | P75: =맥본_원가표!AD119 -> 600 | Q75: =맥본_원가표!AE119 -> 300 | R75: =맥본_원가표!AF119 -> 150 | S75: =맥본_원가표!AG119 -> 50 | T75: =맥본_원가표!AH119 -> 100 | U75: =맥본_원가표!AI119 -> 200
C76: H503 | D76: =맥본_원가표!J120 -> 5 | E76: =맥본_원가표!P120 -> 1000 | F76: =맥본_원가표!I120 -> 35134 | G76: =맥본_원가표!O120 -> 476.8607 | H76: =맥본_원가표!Q120 -> 1200 | I76: =맥본_원가표!R120 -> 0.60261608 | J76: =맥본_원가표!W120 -> 240000 | K76: =맥본_원가표!X120 -> 216000 | L76: =맥본_원가표!Y120 -> 204000 | M76: =맥본_원가표!Z120 -> 192000 | N76: =맥본_원가표!AA120 -> 960 | O76: =맥본_원가표!AC120 -> 용기별도 | P76: =맥본_원가표!AD120 -> 550 | Q76: =맥본_원가표!AE120 -> 300 | R76: =맥본_원가표!AF120 -> 150 | S76: =맥본_원가표!AG120 -> 50 | T76: =맥본_원가표!AH120 -> 100 | U76: =맥본_원가표!AI120 -> 200
D77: =맥본_원가표!J121 -> 10 | E77: =맥본_원가표!P121 -> 1000 | F77: =맥본_원가표!I120 -> 35134 | G77: =맥본_원가표!O121 -> 689.4214 | H77: =맥본_원가표!Q121 -> 1700 | I77: =맥본_원가표!R121 -> 0.594458 | J77: =맥본_원가표!W121 -> 170000 | K77: =맥본_원가표!X121 -> 153000 | L77: =맥본_원가표!Y121 -> 144500 | M77: =맥본_원가표!Z121 -> 136000 | N77: =맥본_원가표!AA121 -> 1360 | O77: =맥본_원가표!AC121 -> 용기별도 | P77: =맥본_원가표!AD121 -> 600 | Q77: =맥본_원가표!AE121 -> 300 | R77: =맥본_원가표!AF121 -> 150 | S77: =맥본_원가표!AG121 -> 50 | T77: =맥본_원가표!AH121 -> 100 | U77: =맥본_원가표!AI121 -> 200
C78: H504(H501-R3) | D78: =맥본_원가표!J122 -> 5 | E78: =맥본_원가표!P122 -> 1000 | F78: =맥본_원가표!I122 -> 55666 | G78: =맥본_원가표!O122 -> 601.0793 | H78: =맥본_원가표!Q122 -> 1500 | I78: =맥본_원가표!R122 -> 0.59928047 | J78: =맥본_원가표!W122 -> 300000 | K78: =맥본_원가표!X122 -> 270000 | L78: =맥본_원가표!Y122 -> 255000 | M78: =맥본_원가표!Z122 -> 240000 | N78: =맥본_원가표!AA122 -> 1200 | O78: =맥본_원가표!AC122 -> 용기별도 | P78: =맥본_원가표!AD122 -> 550 | Q78: =맥본_원가표!AE122 -> 300 | R78: =맥본_원가표!AF122 -> 150 | S78: =맥본_원가표!AG122 -> 50 | T78: =맥본_원가표!AH122 -> 100 | U78: =맥본_원가표!AI122 -> 200
D79: =맥본_원가표!J123 -> 10 | E79: =맥본_원가표!P123 -> 1000 | F79: =맥본_원가표!I122 -> 55666 | G79: =맥본_원가표!O123 -> 937.8586 | H79: =맥본_원가표!Q123 -> 2200 | I79: =맥본_원가표!R123 -> 0.57370064 | J79: =맥본_원가표!W123 -> 220000 | K79: =맥본_원가표!X123 -> 198000 | L79: =맥본_원가표!Y123 -> 187000 | M79: =맥본_원가표!Z123 -> 176000 | N79: =맥본_원가표!AA123 -> 1760 | O79: =맥본_원가표!AC123 -> 용기별도 | P79: =맥본_원가표!AD123 -> 600 | Q79: =맥본_원가표!AE123 -> 300 | R79: =맥본_원가표!AF123 -> 150 | S79: =맥본_원가표!AG123 -> 50 | T79: =맥본_원가표!AH123 -> 100 | U79: =맥본_원가표!AI123 -> 200
B80: 픽서 | C80: H50-P | D80: =맥본_원가표!J124 -> 5 | E80: =맥본_원가표!P124 -> 1000 | F80: =맥본_원가표!I124 -> 16962 | G80: =맥본_원가표!O124 -> 366.9201 | H80: =맥본_원가표!Q124 -> 1200 | I80: =맥본_원가표!R124 -> 0.69423325 | J80: =맥본_원가표!W124 -> 240000 | K80: =맥본_원가표!X124 -> 216000 | L80: =맥본_원가표!Y124 -> 204000 | M80: =맥본_원가표!Z124 -> 192000 | N80: =맥본_원가표!AA124 -> 960 | O80: =맥본_원가표!AC124 -> 용기별도 | P80: =맥본_원가표!AD124 -> 550 | Q80: =맥본_원가표!AE124 -> 300 | R80: =맥본_원가표!AF124 -> 150 | S80: =맥본_원가표!AG124 -> 50 | T80: =맥본_원가표!AH124 -> 100 | U80: =맥본_원가표!AI124 -> 200
D81: =맥본_원가표!J125 -> 10 | E81: =맥본_원가표!P125 -> 1000 | F81: =맥본_원가표!I124 -> 16962 | G81: =맥본_원가표!O125 -> 469.5402 | H81: =맥본_원가표!Q125 -> 1700 | I81: =맥본_원가표!R125 -> 0.72379988 | J81: =맥본_원가표!W125 -> 170000 | K81: =맥본_원가표!X125 -> 153000 | L81: =맥본_원가표!Y125 -> 144500 | M81: =맥본_원가표!Z125 -> 136000 | N81: =맥본_원가표!AA125 -> 1360 | O81: =맥본_원가표!AC125 -> 용기별도 | P81: =맥본_원가표!AD125 -> 600 | Q81: =맥본_원가표!AE125 -> 300 | R81: =맥본_원가표!AF125 -> 150 | S81: =맥본_원가표!AG125 -> 50 | T81: =맥본_원가표!AH125 -> 100 | U81: =맥본_원가표!AI125 -> 200
C82: H51-P | D82: =맥본_원가표!J126 -> 5 | E82: =맥본_원가표!P126 -> 1000 | F82: =맥본_원가표!I126 -> 17198 | G82: =맥본_원가표!O126 -> 368.3479 | H82: =맥본_원가표!Q126 -> 1200 | I82: =맥본_원가표!R126 -> 0.69304342 | J82: =맥본_원가표!W126 -> 240000 | K82: =맥본_원가표!X126 -> 216000 | L82: =맥본_원가표!Y126 -> 204000 | M82: =맥본_원가표!Z126 -> 192000 | N82: =맥본_원가표!AA126 -> 960 | O82: =맥본_원가표!AC126 -> 용기별도 | P82: =맥본_원가표!AD126 -> 550 | Q82: =맥본_원가표!AE126 -> 300 | R82: =맥본_원가표!AF126 -> 150 | S82: =맥본_원가표!AG126 -> 50 | T82: =맥본_원가표!AH126 -> 100 | U82: =맥본_원가표!AI126 -> 200
D83: =맥본_원가표!J127 -> 10 | E83: =맥본_원가표!P127 -> 1000 | F83: =맥본_원가표!I126 -> 17198 | G83: =맥본_원가표!O127 -> 472.3958 | H83: =맥본_원가표!Q127 -> 1700 | I83: =맥본_원가표!R127 -> 0.72212012 | J83: =맥본_원가표!W127 -> 170000 | K83: =맥본_원가표!X127 -> 153000 | L83: =맥본_원가표!Y127 -> 144500 | M83: =맥본_원가표!Z127 -> 136000 | N83: =맥본_원가표!AA127 -> 1360 | O83: =맥본_원가표!AC127 -> 용기별도 | P83: =맥본_원가표!AD127 -> 600 | Q83: =맥본_원가표!AE127 -> 300 | R83: =맥본_원가표!AF127 -> 150 | S83: =맥본_원가표!AG127 -> 50 | T83: =맥본_원가표!AH127 -> 100 | U83: =맥본_원가표!AI127 -> 200
C84: H50P-H | D84: =맥본_원가표!J128 -> 5 | E84: =맥본_원가표!P128 -> 1000 | F84: =맥본_원가표!I128 -> 17906 | G84: =맥본_원가표!O128 -> 372.6313 | H84: =맥본_원가표!Q128 -> 1200 | I84: =맥본_원가표!R128 -> 0.68947392 | J84: =맥본_원가표!W128 -> 240000 | K84: =맥본_원가표!X128 -> 216000 | L84: =맥본_원가표!Y128 -> 204000 | M84: =맥본_원가표!Z128 -> 192000 | N84: =맥본_원가표!AA128 -> 960 | O84: =맥본_원가표!AC128 -> 용기별도 | P84: =맥본_원가표!AD128 -> 550 | Q84: =맥본_원가표!AE128 -> 300 | R84: =맥본_원가표!AF128 -> 150 | S84: =맥본_원가표!AG128 -> 50 | T84: =맥본_원가표!AH128 -> 100 | U84: =맥본_원가표!AI128 -> 200
D85: =맥본_원가표!J129 -> 10 | E85: =맥본_원가표!P129 -> 1000 | F85: =맥본_원가표!I128 -> 17906 | G85: =맥본_원가표!O129 -> 480.9626 | H85: =맥본_원가표!Q129 -> 1700 | I85: =맥본_원가표!R129 -> 0.71708082 | J85: =맥본_원가표!W129 -> 170000 | K85: =맥본_원가표!X129 -> 153000 | L85: =맥본_원가표!Y129 -> 144500 | M85: =맥본_원가표!Z129 -> 136000 | N85: =맥본_원가표!AA129 -> 1360 | O85: =맥본_원가표!AC129 -> 용기별도 | P85: =맥본_원가표!AD129 -> 600 | Q85: =맥본_원가표!AE129 -> 300 | R85: =맥본_원가표!AF129 -> 150 | S85: =맥본_원가표!AG129 -> 50 | T85: =맥본_원가표!AH129 -> 100 | U85: =맥본_원가표!AI129 -> 200
C86: AL02 (브로우 픽서) | D86: =맥본_원가표!J130 -> 5 | E86: =맥본_원가표!P130 -> 1000 | F86: =맥본_원가표!I130 -> 24514 | G86: =맥본_원가표!O130 -> 412.6097 | H86: =맥본_원가표!Q130 -> 1200 | I86: =맥본_원가표!R130 -> 0.65615858 | J86: =맥본_원가표!W130 -> 240000 | K86: =맥본_원가표!X130 -> 216000 | L86: =맥본_원가표!Y130 -> 204000 | M86: =맥본_원가표!Z130 -> 192000 | N86: =맥본_원가표!AA130 -> 960 | O86: =맥본_원가표!AC130 -> 용기별도 | P86: =맥본_원가표!AD130 -> 550 | Q86: =맥본_원가표!AE130 -> 300 | R86: =맥본_원가표!AF130 -> 150 | S86: =맥본_원가표!AG130 -> 50 | T86: =맥본_원가표!AH130 -> 100 | U86: =맥본_원가표!AI130 -> 200
D87: =맥본_원가표!J131 -> 10 | E87: =맥본_원가표!P131 -> 1000 | F87: =맥본_원가표!I130 -> 24514 | G87: =맥본_원가표!O131 -> 560.9194 | H87: =맥본_원가표!Q131 -> 1700 | I87: =맥본_원가표!R131 -> 0.67004741 | J87: =맥본_원가표!W131 -> 170000 | K87: =맥본_원가표!X131 -> 153000 | L87: =맥본_원가표!Y131 -> 144500 | M87: =맥본_원가표!Z131 -> 136000 | N87: =맥본_원가표!AA131 -> 1360 | O87: =맥본_원가표!AC131 -> 용기별도 | P87: =맥본_원가표!AD131 -> 600 | Q87: =맥본_원가표!AE131 -> 300 | R87: =맥본_원가표!AF131 -> 150 | S87: =맥본_원가표!AG131 -> 50 | T87: =맥본_원가표!AH131 -> 100 | U87: =맥본_원가표!AI131 -> 200
A88: 펌제 | B88: 펌제 | C88: JT-TG8-1 (펌1제 / 치오계열 / 8-10분타입) JT-TG9-1 (펌1제 / 치오계열 / 5-7분타입) | D88: =맥본_원가표!J137 -> 5 | E88: =맥본_원가표!P137 -> 500 | F88: =맥본_원가표!I137 -> 21800 | G88: =맥본_원가표!O137 -> 440.24 | H88: =맥본_원가표!Q137 -> 1800 | I88: =맥본_원가표!R137 -> 0.75542222 | J88: =맥본_원가표!W137 -> 360000 | K88: =맥본_원가표!X137 -> 324000 | L88: =맥본_원가표!Y137 -> 306000 | M88: =맥본_원가표!Z137 -> 288000 | N88: =맥본_원가표!AA137 -> 1440 | O88: =맥본_원가표!AC137 -> 제판비별도 | P88: =맥본_원가표!AD137 -> 200 | Q88: =맥본_원가표!AE137 -> 300 | R88: =맥본_원가표!AF137 -> 150 | S88: =맥본_원가표!AG137 -> 50 | T88: =맥본_원가표!AH137 -> 100 | U88: =맥본_원가표!AI137 -> 200
D89: =맥본_원가표!J138 -> 10 | E89: =맥본_원가표!P138 -> 500 | F89: =맥본_원가표!I137 -> 21800 | G89: =맥본_원가표!O138 -> 572.13 | H89: =맥본_원가표!Q138 -> 2200 | I89: =맥본_원가표!R138 -> 0.73994091 | J89: =맥본_원가표!W138 -> 220000 | K89: =맥본_원가표!X138 -> 198000 | L89: =맥본_원가표!Y138 -> 187000 | M89: =맥본_원가표!Z138 -> 176000 | N89: =맥본_원가표!AA138 -> 1760 | O89: =맥본_원가표!AC138 -> 제판비별도 | P89: =맥본_원가표!AD138 -> 200 | Q89: =맥본_원가표!AE138 -> 300 | R89: =맥본_원가표!AF138 -> 150 | S89: =맥본_원가표!AG138 -> 50 | T89: =맥본_원가표!AH138 -> 100 | U89: =맥본_원가표!AI138 -> 200
D90: =맥본_원가표!J139 -> 15 | E90: =맥본_원가표!P139 -> 500 | F90: =맥본_원가표!I137 -> 21800 | G90: =맥본_원가표!O139 -> 659.97 | H90: =맥본_원가표!Q139 -> 2600 | I90: =맥본_원가표!R139 -> 0.74616538 | J90: =맥본_원가표!W139 -> 173333.33 | K90: =맥본_원가표!X139 -> 156000 | L90: =맥본_원가표!Y139 -> 147333.33 | M90: =맥본_원가표!Z139 -> 138666.67 | N90: =맥본_원가표!AA139 -> 2080 | O90: =맥본_원가표!AC139 -> 제판비별도 | P90: =맥본_원가표!AD139 -> 200 | Q90: =맥본_원가표!AE139 -> 300 | R90: =맥본_원가표!AF139 -> 150 | S90: =맥본_원가표!AG139 -> 50 | T90: =맥본_원가표!AH139 -> 100 | U90: =맥본_원가표!AI139 -> 200
D91: =맥본_원가표!J140 -> 20 | E91: =맥본_원가표!P140 -> 500 | F91: =맥본_원가표!I137 -> 21800 | G91: =맥본_원가표!O140 -> 791.86 | H91: =맥본_원가표!Q140 -> 3000 | I91: =맥본_원가표!R140 -> 0.73604667 | J91: =맥본_원가표!W140 -> 150000 | K91: =맥본_원가표!X140 -> 135000 | L91: =맥본_원가표!Y140 -> 127500 | M91: =맥본_원가표!Z140 -> 120000 | N91: =맥본_원가표!AA140 -> 2400 | O91: =맥본_원가표!AC140 -> 제판비별도 | P91: =맥본_원가표!AD140 -> 200 | Q91: =맥본_원가표!AE140 -> 300 | R91: =맥본_원가표!AF140 -> 150 | S91: =맥본_원가표!AG140 -> 50 | T91: =맥본_원가표!AH140 -> 100 | U91: =맥본_원가표!AI140 -> 200
D92: =맥본_원가표!J141 -> 30 | E92: =맥본_원가표!P141 -> 500 | F92: =맥본_원가표!I137 -> 21800 | G92: =맥본_원가표!O141 -> 1055.64 | H92: =맥본_원가표!Q141 -> 3800 | I92: =맥본_원가표!R141 -> 0.7222 | J92: =맥본_원가표!W141 -> 126666.67 | K92: =맥본_원가표!X141 -> 114000 | L92: =맥본_원가표!Y141 -> 107666.67 | M92: =맥본_원가표!Z141 -> 101333.33 | N92: =맥본_원가표!AA141 -> 3040 | O92: =맥본_원가표!AC141 -> 제판비별도 | P92: =맥본_원가표!AD141 -> 200 | Q92: =맥본_원가표!AE141 -> 300 | R92: =맥본_원가표!AF141 -> 150 | S92: =맥본_원가표!AG141 -> 50 | T92: =맥본_원가표!AH141 -> 100 | U92: =맥본_원가표!AI141 -> 200
C93: JT-BR8-2 (펌2제 / 브롬산계열) | D93: =맥본_원가표!J142 -> 5 | E93: =맥본_원가표!P142 -> 500 | F93: =맥본_원가표!I142 -> 21800 | G93: =맥본_원가표!O142 -> 440.24 | H93: =맥본_원가표!Q142 -> 1800 | I93: =맥본_원가표!R142 -> 0.75542222 | J93: =맥본_원가표!W142 -> 360000 | K93: =맥본_원가표!X142 -> 324000 | L93: =맥본_원가표!Y142 -> 306000 | M93: =맥본_원가표!Z142 -> 288000 | N93: =맥본_원가표!AA142 -> 1440 | O93: =맥본_원가표!AC142 -> 제판비별도 | P93: =맥본_원가표!AD142 -> 200 | Q93: =맥본_원가표!AE142 -> 300 | R93: =맥본_원가표!AF142 -> 150 | S93: =맥본_원가표!AG142 -> 50 | T93: =맥본_원가표!AH142 -> 100 | U93: =맥본_원가표!AI142 -> 200
D94: =맥본_원가표!J143 -> 10 | E94: =맥본_원가표!P143 -> 500 | F94: =맥본_원가표!I142 -> 21800 | G94: =맥본_원가표!O143 -> 572.13 | H94: =맥본_원가표!Q143 -> 2200 | I94: =맥본_원가표!R143 -> 0.73994091 | J94: =맥본_원가표!W143 -> 220000 | K94: =맥본_원가표!X143 -> 198000 | L94: =맥본_원가표!Y143 -> 187000 | M94: =맥본_원가표!Z143 -> 176000 | N94: =맥본_원가표!AA143 -> 1760 | O94: =맥본_원가표!AC143 -> 제판비별도 | P94: =맥본_원가표!AD143 -> 200 | Q94: =맥본_원가표!AE143 -> 300 | R94: =맥본_원가표!AF143 -> 150 | S94: =맥본_원가표!AG143 -> 50 | T94: =맥본_원가표!AH143 -> 100 | U94: =맥본_원가표!AI143 -> 200
D95: =맥본_원가표!J144 -> 15 | E95: =맥본_원가표!P144 -> 500 | F95: =맥본_원가표!I142 -> 21800 | G95: =맥본_원가표!O144 -> 659.97 | H95: =맥본_원가표!Q144 -> 2600 | I95: =맥본_원가표!R144 -> 0.74616538 | J95: =맥본_원가표!W144 -> 173333.33 | K95: =맥본_원가표!X144 -> 156000 | L95: =맥본_원가표!Y144 -> 147333.33 | M95: =맥본_원가표!Z144 -> 138666.67 | N95: =맥본_원가표!AA144 -> 2080 | O95: =맥본_원가표!AC144 -> 제판비별도 | P95: =맥본_원가표!AD144 -> 200 | Q95: =맥본_원가표!AE144 -> 300 | R95: =맥본_원가표!AF144 -> 150 | S95: =맥본_원가표!AG144 -> 50 | T95: =맥본_원가표!AH144 -> 100 | U95: =맥본_원가표!AI144 -> 200
D96: =맥본_원가표!J145 -> 20 | E96: =맥본_원가표!P145 -> 500 | F96: =맥본_원가표!I142 -> 21800 | G96: =맥본_원가표!O145 -> 791.86 | H96: =맥본_원가표!Q145 -> 3000 | I96: =맥본_원가표!R145 -> 0.73604667 | J96: =맥본_원가표!W145 -> 150000 | K96: =맥본_원가표!X145 -> 135000 | L96: =맥본_원가표!Y145 -> 127500 | M96: =맥본_원가표!Z145 -> 120000 | N96: =맥본_원가표!AA145 -> 2400 | O96: =맥본_원가표!AC145 -> 제판비별도 | P96: =맥본_원가표!AD145 -> 200 | Q96: =맥본_원가표!AE145 -> 300 | R96: =맥본_원가표!AF145 -> 150 | S96: =맥본_원가표!AG145 -> 50 | T96: =맥본_원가표!AH145 -> 100 | U96: =맥본_원가표!AI145 -> 200
D97: =맥본_원가표!J146 -> 30 | E97: =맥본_원가표!P146 -> 500 | F97: =맥본_원가표!I142 -> 21800 | G97: =맥본_원가표!O146 -> 1055.64 | H97: =맥본_원가표!Q146 -> 3800 | I97: =맥본_원가표!R146 -> 0.7222 | J97: =맥본_원가표!W146 -> 126666.67 | K97: =맥본_원가표!X146 -> 114000 | L97: =맥본_원가표!Y146 -> 107666.67 | M97: =맥본_원가표!Z146 -> 101333.33 | N97: =맥본_원가표!AA146 -> 3040 | O97: =맥본_원가표!AC146 -> 제판비별도 | P97: =맥본_원가표!AD146 -> 200 | Q97: =맥본_원가표!AE146 -> 300 | R97: =맥본_원가표!AF146 -> 150 | S97: =맥본_원가표!AG146 -> 50 | T97: =맥본_원가표!AH146 -> 100 | U97: =맥본_원가표!AI146 -> 200
C98: JT-HP9-2 (펌2제 / 과산화수소계열) | D98: =맥본_원가표!J147 -> 5 | E98: =맥본_원가표!P147 -> 500 | F98: =맥본_원가표!I147 -> 21800 | G98: =맥본_원가표!O147 -> 440.24 | H98: =맥본_원가표!Q147 -> 1800 | I98: =맥본_원가표!R147 -> 0.75542222 | J98: =맥본_원가표!W147 -> 360000 | K98: =맥본_원가표!X147 -> 324000 | L98: =맥본_원가표!Y147 -> 306000 | M98: =맥본_원가표!Z147 -> 288000 | N98: =맥본_원가표!AA147 -> 1440 | O98: =맥본_원가표!AC147 -> 제판비별도 | P98: =맥본_원가표!AD147 -> 200 | Q98: =맥본_원가표!AE147 -> 300 | R98: =맥본_원가표!AF147 -> 150 | S98: =맥본_원가표!AG147 -> 50 | T98: =맥본_원가표!AH147 -> 100 | U98: =맥본_원가표!AI147 -> 200
D99: =맥본_원가표!J148 -> 10 | E99: =맥본_원가표!P148 -> 500 | F99: =맥본_원가표!I147 -> 21800 | G99: =맥본_원가표!O148 -> 572.13 | H99: =맥본_원가표!Q148 -> 2200 | I99: =맥본_원가표!R148 -> 0.73994091 | J99: =맥본_원가표!W148 -> 220000 | K99: =맥본_원가표!X148 -> 198000 | L99: =맥본_원가표!Y148 -> 187000 | M99: =맥본_원가표!Z148 -> 176000 | N99: =맥본_원가표!AA148 -> 1760 | O99: =맥본_원가표!AC148 -> 제판비별도 | P99: =맥본_원가표!AD148 -> 200 | Q99: =맥본_원가표!AE148 -> 300 | R99: =맥본_원가표!AF148 -> 150 | S99: =맥본_원가표!AG148 -> 50 | T99: =맥본_원가표!AH148 -> 100 | U99: =맥본_원가표!AI148 -> 200
D100: =맥본_원가표!J149 -> 15 | E100: =맥본_원가표!P149 -> 500 | F100: =맥본_원가표!I147 -> 21800 | G100: =맥본_원가표!O149 -> 704.02 | H100: =맥본_원가표!Q149 -> 2600 | I100: =맥본_원가표!R149 -> 0.72922308 | J100: =맥본_원가표!W149 -> 173333.33 | K100: =맥본_원가표!X149 -> 156000 | L100: =맥본_원가표!Y149 -> 147333.33 | M100: =맥본_원가표!Z149 -> 138666.67 | N100: =맥본_원가표!AA149 -> 2080 | O100: =맥본_원가표!AC149 -> 제판비별도 | P100: =맥본_원가표!AD149 -> 200 | Q100: =맥본_원가표!AE149 -> 300 | R100: =맥본_원가표!AF149 -> 150 | S100: =맥본_원가표!AG149 -> 50 | T100: =맥본_원가표!AH149 -> 100 | U100: =맥본_원가표!AI149 -> 200
...

Sheet 맥본_원가표
B4: MB 전제품 표준견적서 [일회용글루/리무버]
M5: 1000개 작업시 표준공임 | Q5: 제품가 | U5: 참고용 | W5: 업체등급별 할인율(kg당) | AD5: 포장사양 (옵션가)
B6: 제품분류 | C6: 제품명 | D6: 규격 | E6: 공장출하가 (RMB) | F6: 운임 (RMB) | G6: 관부가세 (RMB) | H6: 원가 (RMB) | I6: 원가 (KRW) | J6: 충진규격 (g) | K6: 원가비(A) | L6: 공수(초) | M6: 공임(B) | N6: 관리비(C) | O6: 충원가(D) | P6: 최소수량 (ea) | Q6: 표준판가 (E) | R6: 마진율 | S6: 한국표준판가 (kg당) | T6: 평균표준판가 (kg당) | U6: 중국표준판가 (kg당) | W6: D-C | X6: B | Y6: A | Z6: A+ | AA6: A+ | AB6: 마진율 (20%할인시) | AC6: 비고 | AD6: 용기 | AE6: 메탈캡 | AF6: 파우치 | AG6: 라벨포장 | AH6: 단상자포장 | AI6: 수축필름
K7: 로스율 | L7: 임률(원) | M7: 충진+캡핑+마킹 | N7: (A+B)*10% | O7: (A+B+C) | Q7: 최소수량기준 | R7: (E-D)/E | W7: 할인율 | X7: 할인율 | Y7: 할인율 | Z7: 할인율 | AA7: 할인율
G8: 0.18 | K8: 0.1 | L8: 80 | W8: 0 | X8: 0.1 | Y8: 0.15 | Z8: 0.2 | AA8: 0.2
B9: 아크릴 에멀젼 | C9: O-1201 / O-1211 / O-1301 / O-1311 | D9: 1kg | E9: 67.5 | F9: 50 | G9: =E9*$G$8 -> 12.15 | H9: =SUM(E9:G9) -> 129.65 | I9: =H9*200 -> 25930 | J9: 1 | K9: =I9/1000*J9*(1+$K$8) -> 28.523 | L9: 1.25 | M9: =$L$8*L9 -> 100 | N9: =SUM(K9:M9)*0.1 -> 12.9773 | O9: =SUM(K9+M9+N9) -> 141.5003 | P9: 10000 | Q9: 150 | R9: =(Q9-O9)/Q9 -> 0.056664667 | S9: =Q9/J9*1000 -> 150000 | U9: 70000 | W9: =S9*(1-$W$8) -> 150000 | X9: =S9*(1-$X$8) -> 135000 | Y9: =S9*(1-$Y$8) -> 127500 | Z9: =S9*(1-$Z$8) -> 120000 | AA9: =Q9*(1-$AA$8) -> 120 | AB9: =(AA9-O9)/AA9 -> -0.17916917 | AC9: 용기포함 | AD9: - | AE9: 300 | AF9: 150 | AG9: 50 | AH9: 100 | AI9: 200
J10: 3 | K10: =I9/1000*J10*(1+$K$8) -> 85.569 | L10: 1.25 | M10: =$L$8*L10 -> 100 | N10: =SUM(K10:M10)*0.1 -> 18.6819 | O10: =SUM(K10+M10+N10) -> 204.2509 | P10: 1000 | Q10: 400 | R10: =(Q10-O10)/Q10 -> 0.48937275 | S10: =Q10/J10*1000 -> 133333.33 | W10: =S10*(1-$W$8) -> 133333.33 | X10: =S10*(1-$X$8) -> 120000 | Y10: =S10*(1-$Y$8) -> 113333.33 | Z10: =S10*(1-$Z$8) -> 106666.67 | AA10: =Q10*(1-$AA$8) -> 320 | AB10: =(AA10-O10)/AA10 -> 0.36171594 | AC10: 용기별도 | AD10: - | AE10: 300 | AF10: 150 | AG10: 50 | AH10: 100 | AI10: 200
J11: 5 | K11: =I9/1000*J11*(1+$K$8) -> 142.615 | L11: 1.25 | M11: =$L$8*L11 -> 100 | N11: =SUM(K11:M11)*0.1 -> 24.3865 | O11: =SUM(K11+M11+N11) -> 267.0015 | P11: 1000 | Q11: 550 | R11: =(Q11-O11)/Q11 -> 0.51454273 | S11: =Q11/J11*1000 -> 110000 | W11: =S11*(1-$W$8) -> 110000 | X11: =S11*(1-$X$8) -> 99000 | Y11: =S11*(1-$Y$8) -> 93500 | Z11: =S11*(1-$Z$8) -> 88000 | AA11: =Q11*(1-$AA$8) -> 440 | AB11: =(AA11-O11)/AA11 -> 0.39317841 | AC11: 용기별도 | AD11: - | AE11: 300 | AF11: 150 | AG11: 50 | AH11: 100 | AI11: 200
J12: 7 | K12: =I9/1000*J12*(1+$K$8) -> 199.661 | L12: 1.25 | M12: =$L$8*L12 -> 100 | N12: =SUM(K12:M12)*0.1 -> 30.0911 | O12: =SUM(K12+M12+N12) -> 329.7521 | P12: 1000 | Q12: 700 | R12: =(Q12-O12)/Q12 -> 0.52892557 | S12: =Q12/J12*1000 -> 100000 | W12: =S12*(1-$W$8) -> 100000 | X12: =S12*(1-$X$8) -> 90000 | Y12: =S12*(1-$Y$8) -> 85000 | Z12: =S12*(1-$Z$8) -> 80000 | AA12: =Q12*(1-$AA$8) -> 560 | AB12: =(AA12-O12)/AA12 -> 0.41115696 | AC12: 용기별도 | AD12: - | AE12: 300 | AF12: 150 | AG12: 50 | AH12: 100 | AI12: 200
C13: O-1009 / O-1019 / O-1019FDA | D13: 1kg | E13: 33.5 | F13: 50 | G13: =E13*$G$8 -> 6.03 | H13: =SUM(E13:G13) -> 89.53 | I13: =H13*200 -> 17906 | J13: 1 | K13: =I13/1000*J13*(1+$K$8) -> 19.6966 | L13: 1.25 | M13: =$L$8*L13 -> 100 | N13: =SUM(K13:M13)*0.1 -> 12.09466 | O13: =SUM(K13+M13+N13) -> 131.79126 | P13: 10000 | Q13: 150 | R13: =(Q13-O13)/Q13 -> 0.1213916 | S13: =Q13/J13*1000 -> 150000 | U13: 70000 | W13: =S13*(1-$W$8) -> 150000 | X13: =S13*(1-$X$8) -> 135000 | Y13: =S13*(1-$Y$8) -> 127500 | Z13: =S13*(1-$Z$8) -> 120000 | AA13: =Q13*(1-$AA$8) -> 120 | AB13: =(AA13-O13)/AA13 -> -0.0982605 | AC13: 용기포함 | AD13: - | AE13: 300 | AF13: 150 | AG13: 50 | AH13: 100 | AI13: 200
J14: 3 | K14: =I13/1000*J14*(1+$K$8) -> 59.0898 | L14: 1.25 | M14: =$L$8*L14 -> 100 | N14: =SUM(K14:M14)*0.1 -> 16.03398 | O14: =SUM(K14+M14+N14) -> 175.12378 | P14: 1000 | Q14: 400 | R14: =(Q14-O14)/Q14 -> 0.56219055 | S14: =Q14/J14*1000 -> 133333.33 | W14: =S14*(1-$W$8) -> 133333.33 | X14: =S14*(1-$X$8) -> 120000 | Y14: =S14*(1-$Y$8) -> 113333.33 | Z14: =S14*(1-$Z$8) -> 106666.67 | AA14: =Q14*(1-$AA$8) -> 320 | AB14: =(AA14-O14)/AA14 -> 0.45273819 | AC14: 용기별도 | AD14: - | AE14: 300 | AF14: 150 | AG14: 50 | AH14: 100 | AI14: 200
J15: 5 | K15: =I13/1000*J15*(1+$K$8) -> 98.483 | L15: 1.25 | M15: =$L$8*L15 -> 100 | N15: =SUM(K15:M15)*0.1 -> 19.9733 | O15: =SUM(K15+M15+N15) -> 218.4563 | P15: 1000 | Q15: 550 | R15: =(Q15-O15)/Q15 -> 0.60280673 | S15: =Q15/J15*1000 -> 110000 | W15: =S15*(1-$W$8) -> 110000 | X15: =S15*(1-$X$8) -> 99000 | Y15: =S15*(1-$Y$8) -> 93500 | Z15: =S15*(1-$Z$8) -> 88000 | AA15: =Q15*(1-$AA$8) -> 440 | AB15: =(AA15-O15)/AA15 -> 0.50350841 | AC15: 용기별도 | AD15: - | AE15: 300 | AF15: 150 | AG15: 50 | AH15: 100 | AI15: 200
J16: 7 | K16: =I13/1000*J16*(1+$K$8) -> 137.8762 | L16: 1.25 | M16: =$L$8*L16 -> 100 | N16: =SUM(K16:M16)*0.1 -> 23.91262 | O16: =SUM(K16+M16+N16) -> 261.78882 | P16: 1000 | Q16: 700 | R16: =(Q16-O16)/Q16 -> 0.62601597 | S16: =Q16/J16*1000 -> 100000 | W16: =S16*(1-$W$8) -> 100000 | X16: =S16*(1-$X$8) -> 90000 | Y16: =S16*(1-$Y$8) -> 85000 | Z16: =S16*(1-$Z$8) -> 80000 | AA16: =Q16*(1-$AA$8) -> 560 | AB16: =(AA16-O16)/AA16 -> 0.53251996 | AC16: 용기별도 | AD16: - | AE16: 300 | AF16: 150 | AG16: 50 | AH16: 100 | AI16: 200
B17: 아크릴 리무버 | C17: U-303 | D17: 1kg | E17: 156.2 | F17: 50 | G17: =E17*$G$8 -> 28.116 | H17: =SUM(E17:G17) -> 234.316 | I17: =H17*200 -> 46863.2 | J17: 5 | K17: =I17/1000*J17*(1+$K$8) -> 257.7476 | L17: 2 | M17: =$L$8*L17 -> 160 | N17: =SUM(K17:M17)*0.1 -> 41.97476 | O17: =SUM(K17+M17+N17) -> 459.72236 | P17: 1000 | Q17: 1200 | R17: =(Q17-O17)/Q17 -> 0.61689803 | S17: =Q17/J17*1000 -> 240000 | U17: 200000 | W17: =S17*(1-$W$8) -> 240000 | X17: =S17*(1-$X$8) -> 216000 | Y17: =S17*(1-$Y$8) -> 204000 | Z17: =S17*(1-$Z$8) -> 192000 | AA17: =Q17*(1-$AA$8) -> 960 | AB17: =(AA17-O17)/AA17 -> 0.52112254 | AC17: 용기별도 | AD17: 550 | AE17: 300 | AF17: 150 | AG17: 50 | AH17: 100 | AI17: 200
J18: 10 | K18: =I17/1000*J18*(1+$K$8) -> 515.4952 | L18: 2 | M18: =$L$8*L18 -> 160 | N18: =SUM(K18:M18)*0.1 -> 67.74952 | O18: =SUM(K18+M18+N18) -> 743.24472 | P18: 1000 | Q18: 1500 | R18: =(Q18-O18)/Q18 -> 0.50450352 | S18: =Q18/J18*1000 -> 150000 | W18: =S18*(1-$W$8) -> 150000 | X18: =S18*(1-$X$8) -> 135000 | Y18: =S18*(1-$Y$8) -> 127500 | Z18: =S18*(1-$Z$8) -> 120000 | AA18: =Q18*(1-$AA$8) -> 1200 | AB18: =(AA18-O18)/AA18 -> 0.3806294 | AC18: 용기별도 | AD18: 600 | AE18: 300 | AF18: 150 | AG18: 50 | AH18: 100 | AI18: 200
C19: U-304 (제거력 강화) | D19: 1kg | E19: 50 | F19: 50 | G19: =E19*$G$8 -> 9 | H19: =SUM(E19:G19) -> 109 | I19: =H19*200 -> 21800 | J19: 5 | K19: =I19/1000*J19*(1+$K$8) -> 119.9 | L19: 2 | M19: =$L$8*L19 -> 160 | N19: =SUM(K19:M19)*0.1 -> 28.19 | O19: =SUM(K19+M19+N19) -> 308.09 | P19: 1000 | Q19: 1100 | R19: =(Q19-O19)/Q19 -> 0.71991818 | S19: =Q19/J19*1000 -> 220000 | U19: 160000 | W19: =S19*(1-$W$8) -> 220000 | X19: =S19*(1-$X$8) -> 198000 | Y19: =S19*(1-$Y$8) -> 187000 | Z19: =S19*(1-$Z$8) -> 176000 | AA19: =Q19*(1-$AA$8) -> 880 | AB19: =(AA19-O19)/AA19 -> 0.64989773 | AC19: 용기별도 | AD19: 550 | AE19: 300 | AF19: 150 | AG19: 50 | AH19: 100 | AI19: 200
J20: 10 | K20: =I19/1000*J20*(1+$K$8) -> 239.8 | L20: 2 | M20: =$L$8*L20 -> 160 | N20: =SUM(K20:M20)*0.1 -> 40.18 | O20: =SUM(K20+M20+N20) -> 439.98 | P20: 1000 | Q20: 1400 | R20: =(Q20-O20)/Q20 -> 0.68572857 | S20: =Q20/J20*1000 -> 140000 | W20: =S20*(1-$W$8) -> 140000 | X20: =S20*(1-$X$8) -> 126000 | Y20: =S20*(1-$Y$8) -> 119000 | Z20: =S20*(1-$Z$8) -> 112000 | AA20: =Q20*(1-$AA$8) -> 1120 | AB20: =(AA20-O20)/AA20 -> 0.60716071 | AC20: 용기별도 | AD20: 600 | AE20: 300 | AF20: 150 | AG20: 50 | AH20: 100 | AI20: 200
B29: MB 전제품 표준견적서 [연장용글루]
M30: 1000개 작업시 표준공임 | Q30: 제품가 | U30: 참고용 | W30: 업체등급별 할인율(kg당) | AD30: 포장사양 (옵션가)
B31: 제품분류 | C31: 제품명 | D31: 규격 | E31: 공장출하가 (RMB) | F31: 운임 (RMB) | G31: 관부가세 (RMB) | H31: 원가 (RMB) | I31: 원가 (KRW) | J31: 충진규격 (g) | K31: 원가비(A) | L31: 공수(초) | M31: 공임(B) | N31: 관리비(C) | O31: 충원가(D) | P31: 최소수량 (ea) | Q31: 표준판가 (E) | R31: 마진율 | S31: 한국표준판가 (kg당) | T31: 평균표준판가 (kg당) | U31: 중국표준판가 (kg당) | W31: D-C | X31: B | Y31: A | Z31: A+ | AA31: A+ | AB31: 마진율 (20%할인시) | AC31: 비고 | AD31: 용기 | AE31: 메탈캡 | AF31: 파우치 | AG31: 라벨포장 | AH31: 단상자포장 | AI31: 수축필름
K32: 로스율 | L32: 임률(원) | M32: 충진+캡핑+마킹 | N32: (A+B)*10% | O32: (A+B+C) | Q32: 최소수량기준 | R32: (E-D)/E | W32: 할인율 | X32: 할인율 | Y32: 할인율 | Z32: 할인율 | AA32: 할인율
G33: 0.18 | K33: 0.1 | L33: 80 | W33: 0 | X33: 0.1 | Y33: 0.15 | Z33: 0.2 | AA33: 0.2
B34: 글루 | C34: KC SERIES (초고순도 / MMA free, 전문가용) | D34: 1kg | E34: 310 | F34: 50 | G34: =E34*$G$8 -> 55.8 | H34: =SUM(E34:G34) -> 415.8 | I34: =H34*200 -> 83160 | J34: 3 | K34: =I34/1000*J34*(1+$K$8) -> 274.428 | L34: 3 | M34: =$L$8*L34 -> 240 | N34: =SUM(K34:M34)*0.1 -> 51.7428 | O34: =SUM(K34+M34+N34) -> 566.1708 | P34: 500 | Q34: 3500 | R34: =(Q34-O34)/Q34 -> 0.83823691 | S34: =Q34/J34*1000 -> 1166666.7 | U34: 400000 | W34: =S34*(1-$W$8) -> 1166666.7 | X34: =S34*(1-$X$8) -> 1050000 | Y34: =S34*(1-$Y$8) -> 991666.67 | Z34: =S34*(1-$Z$8) -> 933333.33 | AA34: =Q34*(1-$AA$8) -> 2800 | AB34: =(AA34-O34)/AA34 -> 0.79779614 | AC34: 용기포함 | AD34: - | AE34: 300 | AF34: 150 | AG34: 50 | AH34: 100 | AI34: 200
J35: 5 | K35: =I34/1000*J35*(1+$K$8) -> 457.38 | L35: 3 | M35: =$L$8*L35 -> 240 | N35: =SUM(K35:M35)*0.1 -> 70.038 | O35: =SUM(K35+M35+N35) -> 767.418 | P35: 500 | Q35: 4500 | R35: =(Q35-O35)/Q35 -> 0.82946267 | S35: =Q35/J35*1000 -> 900000 | W35: =S35*(1-$W$8) -> 900000 | X35: =S35*(1-$X$8) -> 810000 | Y35: =S35*(1-$Y$8) -> 765000 | Z35: =S35*(1-$Z$8) -> 720000 | AA35: =Q35*(1-$AA$8) -> 3600 | AB35: =(AA35-O35)/AA35 -> 0.78682833 | AC35: 용기포함 | AD35: - | AE35: 300 | AF35: 150 | AG35: 50 | AH35: 100 | AI35: 200
J36: 10 | K36: =I34/1000*J36*(1+$K$8) -> 914.76 | L36: 3 | M36: =$L$8*L36 -> 240 | N36: =SUM(K36:M36)*0.1 -> 115.776 | O36: =SUM(K36+M36+N36) -> 1270.536 | P36: 500 | Q36: 7000 | R36: =(Q36-O36)/Q36 -> 0.81849486 | S36: =Q36/J36*1000 -> 700000 | W36: =S36*(1-$W$8) -> 700000 | X36: =S36*(1-$X$8) -> 630000 | Y36: =S36*(1-$Y$8) -> 595000 | Z36: =S36*(1-$Z$8) -> 560000 | AA36: =Q36*(1-$AA$8) -> 5600 | AB36: =(AA36-O36)/AA36 -> 0.77311857 | AC36: 용기포함 | AD36: - | AE36: 300 | AF36: 150 | AG36: 50 | AH36: 100 | AI36: 200
C37: KCB/T SERIES (저온저습 / MMA free, 전문가용) | D37: 1kg | E37: 450 | F37: 50 | G37: =E37*$G$8 -> 81 | H37: =SUM(E37:G37) -> 581 | I37: =H37*200 -> 116200 | J37: 3 | K37: =I37/1000*J37*(1+$K$8) -> 383.46 | L37: 3 | M37: =$L$8*L37 -> 240 | N37: =SUM(K37:M37)*0.1 -> 62.646 | O37: =SUM(K37+M37+N37) -> 686.106 | P37: 500 | Q37: 3500 | R37: =(Q37-O37)/Q37 -> 0.80396971 | S37: =Q37/J37*1000 -> 1166666.7 | U37: 400000 | W37: =S37*(1-$W$8) -> 1166666.7 | X37: =S37*(1-$X$8) -> 1050000 | Y37: =S37*(1-$Y$8) -> 991666.67 | Z37: =S37*(1-$Z$8) -> 933333.33 | AA37: =Q37*(1-$AA$8) -> 2800 | AB37: =(AA37-O37)/AA37 -> 0.75496214 | AC37: 용기포함 | AD37: - | AE37: 300 | AF37: 150 | AG37: 50 | AH37: 100 | AI37: 200
J38: 5 | K38: =I37/1000*J38*(1+$K$8) -> 639.1 | L38: 3 | M38: =$L$8*L38 -> 240 | N38: =SUM(K38:M38)*0.1 -> 88.21 | O38: =SUM(K38+M38+N38) -> 967.31 | P38: 500 | Q38: 4500 | R38: =(Q38-O38)/Q38 -> 0.78504222 | S38: =Q38/J38*1000 -> 900000 | W38: =S38*(1-$W$8) -> 900000 | X38: =S38*(1-$X$8) -> 810000 | Y38: =S38*(1-$Y$8) -> 765000 | Z38: =S38*(1-$Z$8) -> 720000 | AA38: =Q38*(1-$AA$8) -> 3600 | AB38: =(AA38-O38)/AA38 -> 0.73130278 | AC38: 용기포함 | AD38: - | AE38: 300 | AF38: 150 | AG38: 50 | AH38: 100 | AI38: 200
J39: 10 | K39: =I37/1000*J39*(1+$K$8) -> 1278.2 | L39: 3 | M39: =$L$8*L39 -> 240 | N39: =SUM(K39:M39)*0.1 -> 152.12 | O39: =SUM(K39+M39+N39) -> 1670.32 | P39: 500 | Q39: 7000 | R39: =(Q39-O39)/Q39 -> 0.76138286 | S39: =Q39/J39*1000 -> 700000 | W39: =S39*(1-$W$8) -> 700000 | X39: =S39*(1-$X$8) -> 630000 | Y39: =S39*(1-$Y$8) -> 595000 | Z39: =S39*(1-$Z$8) -> 560000 | AA39: =Q39*(1-$AA$8) -> 5600 | AB39: =(AA39-O39)/AA39 -> 0.70172857 | AC39: 용기포함 | AD39: - | AE39: 300 | AF39: 150 | AG39: 50 | AH39: 100 | AI39: 200
C40: KC301 (초고순도 / MMA free / 셀프용, 무취, 저자극) | D40: 1kg | E40: 997.05 | F40: 50 | G40: =E40*$G$8 -> 179.469 | H40: =SUM(E40:G40) -> 1226.519 | I40: =H40*200 -> 245303.8 | J40: 3 | K40: =I40/1000*J40*(1+$K$8) -> 809.50254 | L40: 3 | M40: =$L$8*L40 -> 240 | N40: =SUM(K40:M40)*0.1 -> 105.25025 | O40: =SUM(K40+M40+N40) -> 1154.7528 | P40: 500 | Q40: 4500 | R40: =(Q40-O40)/Q40 -> 0.74338827 | S40: =Q40/J40*1000 -> 1500000 | U40: 1000000 | W40: =S40*(1-$W$8) -> 1500000 | X40: =S40*(1-$X$8) -> 1350000 | Y40: =S40*(1-$Y$8) -> 1275000 | Z40: =S40*(1-$Z$8) -> 1200000 | AA40: =Q40*(1-$AA$8) -> 3600 | AB40: =(AA40-O40)/AA40 -> 0.67923533 | AC40: 용기포함 | AD40: - | AE40: 300 | AF40: 150 | AG40: 50 | AH40: 100 | AI40: 200
J41: 5 | K41: =I40/1000*J41*(1+$K$8) -> 1349.1709 | L41: 3 | M41: =$L$8*L41 -> 240 | N41: =SUM(K41:M41)*0.1 -> 159.21709 | O41: =SUM(K41+M41+N41) -> 1748.388 | P41: 500 | Q41: 5500 | R41: =(Q41-O41)/Q41 -> 0.68211127 | S41: =Q41/J41*1000 -> 1100000 | W41: =S41*(1-$W$8) -> 1100000 | X41: =S41*(1-$X$8) -> 990000 | Y41: =S41*(1-$Y$8) -> 935000 | Z41: =S41*(1-$Z$8) -> 880000 | AA41: =Q41*(1-$AA$8) -> 4400 | AB41: =(AA41-O41)/AA41 -> 0.60263909 | AC41: 용기포함 | AD41: - | AE41: 300 | AF41: 150 | AG41: 50 | AH41: 100 | AI41: 200
J42: 10 | K42: =I40/1000*J42*(1+$K$8) -> 2698.3418 | L42: 3 | M42: =$L$8*L42 -> 240 | N42: =SUM(K42:M42)*0.1 -> 294.13418 | O42: =SUM(K42+M42+N42) -> 3232.476 | P42: 500 | Q42: 8000 | R42: =(Q42-O42)/Q42 -> 0.5959405 | S42: =Q42/J42*1000 -> 800000 | W42: =S42*(1-$W$8) -> 800000 | X42: =S42*(1-$X$8) -> 720000 | Y42: =S42*(1-$Y$8) -> 680000 | Z42: =S42*(1-$Z$8) -> 640000 | AA42: =Q42*(1-$AA$8) -> 6400 | AB42: =(AA42-O42)/AA42 -> 0.49492563 | AC42: 용기포함 | AD42: - | AE42: 300 | AF42: 150 | AG42: 50 | AH42: 100 | AI42: 200
C43: TH SERIES (초고순도 / 저온저습) | D43: 1kg | E43: 256 | F43: 50 | G43: =E43*$G$8 -> 46.08 | H43: =SUM(E43:G43) -> 352.08 | I43: =H43*200 -> 70416 | J43: 3 | K43: =I43/1000*J43*(1+$K$8) -> 232.3728 | L43: 3 | M43: =$L$8*L43 -> 240 | N43: =SUM(K43:M43)*0.1 -> 47.53728 | O43: =SUM(K43+M43+N43) -> 519.91008 | P43: 500 | Q43: 1600 | R43: =(Q43-O43)/Q43 -> 0.6750562 | S43: =Q43/J43*1000 -> 533333.33 | U43: 300000 | W43: =S43*(1-$W$8) -> 533333.33 | X43: =S43*(1-$X$8) -> 480000 | Y43: =S43*(1-$Y$8) -> 453333.33 | Z43: =S43*(1-$Z$8) -> 426666.67 | AA43: =Q43*(1-$AA$8) -> 1280 | AB43: =(AA43-O43)/AA43 -> 0.59382025 | AC43: 용기포함 | AD43: - | AE43: 300 | AF43: 150 | AG43: 50 | AH43: 100 | AI43: 200
J44: 5 | K44: =I43/1000*J44*(1+$K$8) -> 387.288 | L44: 3 | M44: =$L$8*L44 -> 240 | N44: =SUM(K44:M44)*0.1 -> 63.0288 | O44: =SUM(K44+M44+N44) -> 690.3168 | P44: 500 | Q44: 2000 | R44: =(Q44-O44)/Q44 -> 0.6548416 | S44: =Q44/J44*1000 -> 400000 | W44: =S44*(1-$W$8) -> 400000 | X44: =S44*(1-$X$8) -> 360000 | Y44: =S44*(1-$Y$8) -> 340000 | Z44: =S44*(1-$Z$8) -> 320000 | AA44: =Q44*(1-$AA$8) -> 1600 | AB44: =(AA44-O44)/AA44 -> 0.568552 | AC44: 용기포함 | AD44: - | AE44: 300 | AF44: 150 | AG44: 50 | AH44: 100 | AI44: 200
J45: 10 | K45: =I43/1000*J45*(1+$K$8) -> 774.576 | L45: 3 | M45: =$L$8*L45 -> 240 | N45: =SUM(K45:M45)*0.1 -> 101.7576 | O45: =SUM(K45+M45+N45) -> 1116.3336 | P45: 500 | Q45: 3000 | R45: =(Q45-O45)/Q45 -> 0.6278888 | S45: =Q45/J45*1000 -> 300000 | W45: =S45*(1-$W$8) -> 300000 | X45: =S45*(1-$X$8) -> 270000 | Y45: =S45*(1-$Y$8) -> 255000 | Z45: =S45*(1-$Z$8) -> 240000 | AA45: =Q45*(1-$AA$8) -> 2400 | AB45: =(AA45-O45)/AA45 -> 0.534861 | AC45: 용기포함 | AD45: - | AE45: 300 | AF45: 150 | AG45: 50 | AH45: 100 | AI45: 200
C46: CM SERIES (초고순도 / 유연성) | D46: 1kg | E46: 323.5 | F46: 50 | G46: =E46*$G$8 -> 58.23 | H46: =SUM(E46:G46) -> 431.73 | I46: =H46*200 -> 86346 | J46: 3 | K46: =I46/1000*J46*(1+$K$8) -> 284.9418 | L46: 3 | M46: =$L$8*L46 -> 240 | N46: =SUM(K46:M46)*0.1 -> 52.79418 | O46: =SUM(K46+M46+N46) -> 577.73598 | P46: 500 | Q46: 1400 | R46: =(Q46-O46)/Q46 -> 0.58733144 | S46: =Q46/J46*1000 -> 466666.67 | U46: 280000 | W46: =S46*(1-$W$8) -> 466666.67 | X46: =S46*(1-$X$8) -> 420000 | Y46: =S46*(1-$Y$8) -> 396666.67 | Z46: =S46*(1-$Z$8) -> 373333.33 | AA46: =Q46*(1-$AA$8) -> 1120 | AB46: =(AA46-O46)/AA46 -> 0.4841643 | AC46: 용기포함 | AD46: - | AE46: 300 | AF46: 150 | AG46: 50 | AH46: 100 | AI46: 200
J47: 5 | K47: =I46/1000*J47*(1+$K$8) -> 474.903 | L47: 3 | M47: =$L$8*L47 -> 240 | N47: =SUM(K47:M47)*0.1 -> 71.7903 | O47: =SUM(K47+M47+N47) -> 786.6933 | P47: 500 | Q47: 1800 | R47: =(Q47-O47)/Q47 -> 0.56294817 | S47: =Q47/J47*1000 -> 360000 | W47: =S47*(1-$W$8) -> 360000 | X47: =S47*(1-$X$8) -> 324000 | Y47: =S47*(1-$Y$8) -> 306000 | Z47: =S47*(1-$Z$8) -> 288000 | AA47: =Q47*(1-$AA$8) -> 1440 | AB47: =(AA47-O47)/AA47 -> 0.45368521 | AC47: 용기포함 | AD47: - | AE47: 300 | AF47: 150 | AG47: 50 | AH47: 100 | AI47: 200
J48: 10 | K48: =I46/1000*J48*(1+$K$8) -> 949.806 | L48: 3 | M48: =$L$8*L48 -> 240 | N48: =SUM(K48:M48)*0.1 -> 119.2806 | O48: =SUM(K48+M48+N48) -> 1309.0866 | P48: 500 | Q48: 2800 | R48: =(Q48-O48)/Q48 -> 0.53246907 | S48: =Q48/J48*1000 -> 280000 | W48: =S48*(1-$W$8) -> 280000 | X48: =S48*(1-$X$8) -> 252000 | Y48: =S48*(1-$Y$8) -> 238000 | Z48: =S48*(1-$Z$8) -> 224000 | AA48: =Q48*(1-$AA$8) -> 2240 | AB48: =(AA48-O48)/AA48 -> 0.41558634 | AC48: 용기포함 | AD48: - | AE48: 300 | AF48: 150 | AG48: 50 | AH48: 100 | AI48: 200
C49: S SERIES (고순도 / 빠른경화) | D49: 1kg | E49: 220 | F49: 50 | G49: =E49*$G$8 -> 39.6 | H49: =SUM(E49:G49) -> 309.6 | I49: =H49*200 -> 61920 | J49: 3 | K49: =I49/1000*J49*(1+$K$8) -> 204.336 | L49: 3 | M49: =$L$8*L49 -> 240 | N49: =SUM(K49:M49)*0.1 -> 44.7336 | O49: =SUM(K49+M49+N49) -> 489.0696 | P49: 500 | Q49: 1200 | R49: =(Q49-O49)/Q49 -> 0.592442 | S49: =Q49/J49*1000 -> 400000 | U49: 240000 | W49: =S49*(1-$W$8) -> 400000 | X49: =S49*(1-$X$8) -> 360000 | Y49: =S49*(1-$Y$8) -> 340000 | Z49: =S49*(1-$Z$8) -> 320000 | AA49: =Q49*(1-$AA$8) -> 960 | AB49: =(AA49-O49)/AA49 -> 0.4905525 | AC49: 용기포함 | AD49: - | AE49: 300 | AF49: 150 | AG49: 50 | AH49: 100 | AI49: 200
J50: 5 | K50: =I49/1000*J50*(1+$K$8) -> 340.56 | L50: 3 | M50: =$L$8*L50 -> 240 | N50: =SUM(K50:M50)*0.1 -> 58.356 | O50: =SUM(K50+M50+N50) -> 638.916 | P50: 500 | Q50: 1600 | R50: =(Q50-O50)/Q50 -> 0.6006775 | S50: =Q50/J50*1000 -> 320000 | W50: =S50*(1-$W$8) -> 320000 | X50: =S50*(1-$X$8) -> 288000 | Y50: =S50*(1-$Y$8) -> 272000 | Z50: =S50*(1-$Z$8) -> 256000 | AA50: =Q50*(1-$AA$8) -> 1280 | AB50: =(AA50-O50)/AA50 -> 0.50084688 | AC50: 용기포함 | AD50: - | AE50: 300 | AF50: 150 | AG50: 50 | AH50: 100 | AI50: 200
J51: 10 | K51: =I49/1000*J51*(1+$K$8) -> 681.12 | L51: 3 | M51: =$L$8*L51 -> 240 | N51: =SUM(K51:M51)*0.1 -> 92.412 | O51: =SUM(K51+M51+N51) -> 1013.532 | P51: 500 | Q51: 2600 | R51: =(Q51-O51)/Q51 -> 0.61018 | S51: =Q51/J51*1000 -> 260000 | W51: =S51*(1-$W$8) -> 260000 | X51: =S51*(1-$X$8) -> 234000 | Y51: =S51*(1-$Y$8) -> 221000 | Z51: =S51*(1-$Z$8) -> 208000 | AA51: =Q51*(1-$AA$8) -> 2080 | AB51: =(AA51-O51)/AA51 -> 0.512725 | AC51: 용기포함 | AD51: - | AE51: 300 | AF51: 150 | AG51: 50 | AH51: 100 | AI51: 200
C52: E SERIES (보급형) | D52: 1kg | E52: 176.5 | F52: 50 | G52: =E52*$G$8 -> 31.77 | H52: =SUM(E52:G52) -> 258.27 | I52: =H52*200 -> 51654 | J52: 3 | K52: =I52/1000*J52*(1+$K$8) -> 170.4582 | L52: 3 | M52: =$L$8*L52 -> 240 | N52: =SUM(K52:M52)*0.1 -> 41.34582 | O52: =SUM(K52+M52+N52) -> 451.80402 | P52: 500 | Q52: 1100 | R52: =(Q52-O52)/Q52 -> 0.58926907 | S52: =Q52/J52*1000 -> 366666.67 | U52: 120000 | W52: =S52*(1-$W$8) -> 366666.67 | X52: =S52*(1-$X$8) -> 330000 | Y52: =S52*(1-$Y$8) -> 311666.67 | Z52: =S52*(1-$Z$8) -> 293333.33 | AA52: =Q52*(1-$AA$8) -> 880 | AB52: =(AA52-O52)/AA52 -> 0.48658634 | AC52: 용기포함 | AD52: - | AE52: 300 | AF52: 150 | AG52: 50 | AH52: 100 | AI52: 200
J53: 5 | K53: =I52/1000*J53*(1+$K$8) -> 284.097 | L53: 3 | M53: =$L$8*L53 -> 240 | N53: =SUM(K53:M53)*0.1 -> 52.7097 | O53: =SUM(K53+M53+N53) -> 576.8067 | P53: 500 | Q53: 1400 | R53: =(Q53-O53)/Q53 -> 0.58799521 | S53: =Q53/J53*1000 -> 280000 | W53: =S53*(1-$W$8) -> 280000 | X53: =S53*(1-$X$8) -> 252000 | Y53: =S53*(1-$Y$8) -> 238000 | Z53: =S53*(1-$Z$8) -> 224000 | AA53: =Q53*(1-$AA$8) -> 1120 | AB53: =(AA53-O53)/AA53 -> 0.48499402 | AC53: 용기포함 | AD53: - | AE53: 300 | AF53: 150 | AG53: 50 | AH53: 100 | AI53: 200
J54: 10 | K54: =I52/1000*J54*(1+$K$8) -> 568.194 | L54: 3 | M54: =$L$8*L54 -> 240 | N54: =SUM(K54:M54)*0.1 -> 81.1194 | O54: =SUM(K54+M54+N54) -> 889.3134 | P54: 500 | Q54: 2400 | R54: =(Q54-O54)/Q54 -> 0.62945275 | S54: =Q54/J54*1000 -> 240000 | W54: =S54*(1-$W$8) -> 240000 | X54: =S54*(1-$X$8) -> 216000 | Y54: =S54*(1-$Y$8) -> 204000 | Z54: =S54*(1-$Z$8) -> 192000 | AA54: =Q54*(1-$AA$8) -> 1920 | AB54: =(AA54-O54)/AA54 -> 0.53681594 | AC54: 용기포함 | AD54: - | AE54: 300 | AF54: 150 | AG54: 50 | AH54: 100 | AI54: 200
C55: K158-R9 (PMMA, 무취, 저자극) | D55: 1kg | E55: 400 | F55: 50 | G55: =E55*$G$8 -> 72 | H55: =SUM(E55:G55) -> 522 | I55: =H55*200 -> 104400 | J55: 3 | K55: =I55/1000*J55*(1+$K$8) -> 344.52 | L55: 3 | M55: =$L$8*L55 -> 240 | N55: =SUM(K55:M55)*0.1 -> 58.752 | O55: =SUM(K55+M55+N55) -> 643.272 | P55: 500 | Q55: 1800 | R55: =(Q55-O55)/Q55 -> 0.64262667 | S55: =Q55/J55*1000 -> 600000 | U55: 400000 | W55: =S55*(1-$W$8) -> 600000 | X55: =S55*(1-$X$8) -> 540000 | Y55: =S55*(1-$Y$8) -> 510000 | Z55: =S55*(1-$Z$8) -> 480000 | AA55: =Q55*(1-$AA$8) -> 1440 | AB55: =(AA55-O55)/AA55 -> 0.55328333 | AC55: 용기포함 | AD55: - | AE55: 300 | AF55: 150 | AG55: 50 | AH55: 100 | AI55: 200
J56: 5 | K56: =I55/1000*J56*(1+$K$8) -> 574.2 | L56: 3 | M56: =$L$8*L56 -> 240 | N56: =SUM(K56:M56)*0.1 -> 81.72 | O56: =SUM(K56+M56+N56) -> 895.92 | P56: 500 | Q56: 2300 | R56: =(Q56-O56)/Q56 -> 0.61046957 | S56: =Q56/J56*1000 -> 460000 | W56: =S56*(1-$W$8) -> 460000 | X56: =S56*(1-$X$8) -> 414000 | Y56: =S56*(1-$Y$8) -> 391000 | Z56: =S56*(1-$Z$8) -> 368000 | AA56: =Q56*(1-$AA$8) -> 1840 | AB56: =(AA56-O56)/AA56 -> 0.51308696 | AC56: 용기포함 | AD56: - | AE56: 300 | AF56: 150 | AG56: 50 | AH56: 100 | AI56: 200
J57: 10 | K57: =I55/1000*J57*(1+$K$8) -> 1148.4 | L57: 3 | M57: =$L$8*L57 -> 240 | N57: =SUM(K57:M57)*0.1 -> 139.14 | O57: =SUM(K57+M57+N57) -> 1527.54 | P57: 500 | Q57: 3600 | R57: =(Q57-O57)/Q57 -> 0.57568333 | S57: =Q57/J57*1000 -> 360000 | W57: =S57*(1-$W$8) -> 360000 | X57: =S57*(1-$X$8) -> 324000 | Y57: =S57*(1-$Y$8) -> 306000 | Z57: =S57*(1-$Z$8) -> 288000 | AA57: =Q57*(1-$AA$8) -> 2880 | AB57: =(AA57-O57)/AA57 -> 0.46960417 | AC57: 용기포함 | AD57: - | AE57: 300 | AF57: 150 | AG57: 50 | AH57: 100 | AI57: 200
B58: MB 전제품 표준견적서 [리무버]
M59: 1000개 작업시 표준공임 | Q59: 제품가 | U59: 참고용 | W59: 업체등급별 할인율(kg당) | AD59: 포장사양 (옵션가)
B60: 제품분류 | C60: 제품명 | D60: 규격 | E60: 공장출하가 (RMB) | F60: 운임 (RMB) | G60: 관부가세 (RMB) | H60: 원가 (RMB) | I60: 원가 (KRW) | J60: 충진규격 (g) | K60: 원가비(A) | L60: 공수(초) | M60: 공임(B) | N60: 관리비(C) | O60: 충원가(D) | P60: 최소수량 (ea) | Q60: 표준판가 (E) | R60: 마진율 | S60: 한국표준판가 (kg당) | T60: 평균표준판가 (kg당) | U60: 중국표준판가 (kg당) | W60: D-C | X60: B | Y60: A | Z60: A+ | AA60: A+ | AB60: 마진율 (20%할인시) | AC60: 비고 | AD60: 용기 | AE60: 메탈캡 | AF60: 파우치 | AG60: 라벨포장 | AH60: 단상자포장 | AI60: 수축필름
K61: 로스율 | L61: 임률(원) | M61: 충진+캡핑+마킹 | N61: (A+B)*10% | O61: (A+B+C) | Q61: 최소수량기준 | R61: (E-D)/E | W61: 할인율 | X61: 할인율 | Y61: 할인율 | Z61: 할인율 | AA61: 할인율
G62: 0.18 | K62: 0.1 | L62: 80 | W62: 0 | X62: 0.1 | Y62: 0.15 | Z62: 0.2 | AA62: 0.2
B63: 리무버 | C63: GBL REMOVER K25 / K26 / K27 / R145 (겔, 크림) | D63: 1kg | E63: 100 | F63: 자체생산 | H63: =SUM(E63:G63) -> 100 | I63: =H63*200 -> 20000 | J63: 5 | K63: =I63/1000*J63*(1+$K$8) -> 110 | L63: 3 | M63: =$L$8*L63 -> 240 | N63: =SUM(K63:M63)*0.1 -> 35.3 | O63: =SUM(K63+M63+N63) -> 385.3 | P63: 1000 | Q63: 1000 | R63: =(Q63-O63)/Q63 -> 0.6147 | S63: =Q63/J63*1000 -> 200000 | U63: 100000 | W63: =S63*(1-$W$8) -> 200000 | X63: =S63*(1-$X$8) -> 180000 | Y63: =S63*(1-$Y$8) -> 170000 | Z63: =S63*(1-$Z$8) -> 160000 | AA63: =Q63*(1-$AA$8) -> 800 | AB63: =(AA63-O63)/AA63 -> 0.518375 | AC63: 용기별도 | AD63: 200 | AE63: 300 | AF63: 150 | AG63: 50 | AH63: 100 | AI63: 200
J64: 10 | K64: =I63/1000*J64*(1+$K$8) -> 220 | L64: 3 | M64: =$L$8*L64 -> 240 | N64: =SUM(K64:M64)*0.1 -> 46.3 | O64: =SUM(K64+M64+N64) -> 506.3 | P64: 1000 | Q64: 1200 | R64: =(Q64-O64)/Q64 -> 0.57808333 | S64: =Q64/J64*1000 -> 120000 | W64: =S64*(1-$W$8) -> 120000 | X64: =S64*(1-$X$8) -> 108000 | Y64: =S64*(1-$Y$8) -> 102000 | Z64: =S64*(1-$Z$8) -> 96000 | AA64: =Q64*(1-$AA$8) -> 960 | AB64: =(AA64-O64)/AA64 -> 0.47260417 | AC64: 용기별도 | AD64: 200 | AE64: 300 | AF64: 150 | AG64: 50 | AH64: 100 | AI64: 200
J65: 15 | K65: =I63/1000*J65*(1+$K$8) -> 330 | L65: 3 | M65: =$L$8*L65 -> 240 | N65: =SUM(K65:M65)*0.1 -> 57.3 | O65: =SUM(K65+M65+N65) -> 627.3 | P65: 1000 | Q65: 1400 | R65: =(Q65-O65)/Q65 -> 0.55192857 | S65: =Q65/J65*1000 -> 93333.333 | W65: =S65*(1-$W$8) -> 93333.333 | X65: =S65*(1-$X$8) -> 84000 | Y65: =S65*(1-$Y$8) -> 79333.333 | Z65: =S65*(1-$Z$8) -> 74666.667 | AA65: =Q65*(1-$AA$8) -> 1120 | AB65: =(AA65-O65)/AA65 -> 0.43991071 | AC65: 용기별도 | AD65: 200 | AE65: 300 | AF65: 150 | AG65: 50 | AH65: 100 | AI65: 200
J66: 20 | K66: =I63/1000*J66*(1+$K$8) -> 440 | L66: 3 | M66: =$L$8*L66 -> 240 | N66: =SUM(K66:M66)*0.1 -> 68.3 | O66: =SUM(K66+M66+N66) -> 748.3 | P66: 1000 | Q66: 1600 | R66: =(Q66-O66)/Q66 -> 0.5323125 | S66: =Q66/J66*1000 -> 80000 | W66: =S66*(1-$W$8) -> 80000 | X66: =S66*(1-$X$8) -> 72000 | Y66: =S66*(1-$Y$8) -> 68000 | Z66: =S66*(1-$Z$8) -> 64000 | AA66: =Q66*(1-$AA$8) -> 1280 | AB66: =(AA66-O66)/AA66 -> 0.41539063 | AC66: 용기별도 | AD66: 200 | AE66: 300 | AF66: 150 | AG66: 50 | AH66: 100 | AI66: 200
C67: P/C REMOVER T61 (에멀젼) | D67: 1kg | E67: 90 | F67: 50 | G67: =E67*$G$8 -> 16.2 | H67: =SUM(E67:G67) -> 156.2 | I67: =H67*200 -> 31240 | J67: 5 | K67: =I67/1000*J67*(1+$K$8) -> 171.82 | L67: 3 | M67: =$L$8*L67 -> 240 | N67: =SUM(K67:M67)*0.1 -> 41.482 | O67: =SUM(K67+M67+N67) -> 453.302 | P67: 1000 | Q67: 1200 | R67: =(Q67-O67)/Q67 -> 0.62224833 | S67: =Q67/J67*1000 -> 240000 | U67: - | W67: =S67*(1-$W$8) -> 240000 | X67: =S67*(1-$X$8) -> 216000 | Y67: =S67*(1-$Y$8) -> 204000 | Z67: =S67*(1-$Z$8) -> 192000 | AA67: =Q67*(1-$AA$8) -> 960 | AB67: =(AA67-O67)/AA67 -> 0.52781042 | AC67: 용기별도 | AD67: 200 | AE67: 300 | AF67: 150 | AG67: 50 | AH67: 100 | AI67: 200
J68: 10 | K68: =I67/1000*J68*(1+$K$8) -> 343.64 | L68: 3 | M68: =$L$8*L68 -> 240 | N68: =SUM(K68:M68)*0.1 -> 58.664 | O68: =SUM(K68+M68+N68) -> 642.304 | P68: 1000 | Q68: 1500 | R68: =(Q68-O68)/Q68 -> 0.57179733 | S68: =Q68/J68*1000 -> 150000 | W68: =S68*(1-$W$8) -> 150000 | X68: =S68*(1-$X$8) -> 135000 | Y68: =S68*(1-$Y$8) -> 127500 | Z68: =S68*(1-$Z$8) -> 120000 | AA68: =Q68*(1-$AA$8) -> 1200 | AB68: =(AA68-O68)/AA68 -> 0.46474667 | AC68: 용기별도 | AD68: 200 | AE68: 300 | AF68: 150 | AG68: 50 | AH68: 100 | AI68: 200
J69: 15 | K69: =I67/1000*J69*(1+$K$8) -> 515.46 | L69: 3 | M69: =$L$8*L69 -> 240 | N69: =SUM(K69:M69)*0.1 -> 75.846 | O69: =SUM(K69+M69+N69) -> 831.306 | P69: 1000 | Q69: 1800 | R69: =(Q69-O69)/Q69 -> 0.53816333 | S69: =Q69/J69*1000 -> 120000 | W69: =S69*(1-$W$8) -> 120000 | X69: =S69*(1-$X$8) -> 108000 | Y69: =S69*(1-$Y$8) -> 102000 | Z69: =S69*(1-$Z$8) -> 96000 | AA69: =Q69*(1-$AA$8) -> 1440 | AB69: =(AA69-O69)/AA69 -> 0.42270417 | AC69: 용기별도 | AD69: 200 | AE69: 300 | AF69: 150 | AG69: 50 | AH69: 100 | AI69: 200
J70: 20 | K70: =I67/1000*J70*(1+$K$8) -> 687.28 | L70: 3 | M70: =$L$8*L70 -> 240 | N70: =SUM(K70:M70)*0.1 -> 93.028 | O70: =SUM(K70+M70+N70) -> 1020.308 | P70: 1000 | Q70: 2100 | R70: =(Q70-O70)/Q70 -> 0.51413905 | S70: =Q70/J70*1000 -> 105000 | W70: =S70*(1-$W$8) -> 105000 | X70: =S70*(1-$X$8) -> 94500 | Y70: =S70*(1-$Y$8) -> 89250 | Z70: =S70*(1-$Z$8) -> 84000 | AA70: =Q70*(1-$AA$8) -> 1680 | AB70: =(AA70-O70)/AA70 -> 0.39267381 | AC70: 용기별도 | AD70: 200 | AE70: 300 | AF70: 150 | AG70: 50 | AH70: 100 | AI70: 200
C71: P/C REMOVER T08 / TS01 / TS01(DL) (겔, 크림) | D71: 1kg | E71: 130 | F71: 자체생산 | H71: =SUM(E71:G71) -> 130 | I71: =H71*200 -> 26000 | J71: 5 | K71: =I71/1000*J71*(1+$K$8) -> 143 | L71: 3 | M71: =$L$8*L71 -> 240 | N71: =SUM(K71:M71)*0.1 -> 38.6 | O71: =SUM(K71+M71+N71) -> 421.6 | P71: 1000 | Q71: 1100 | R71: =(Q71-O71)/Q71 -> 0.61672727 | S71: =Q71/J71*1000 -> 220000 | U71: 100000 | W71: =S71*(1-$W$8) -> 220000 | X71: =S71*(1-$X$8) -> 198000 | Y71: =S71*(1-$Y$8) -> 187000 | Z71: =S71*(1-$Z$8) -> 176000 | AA71: =Q71*(1-$AA$8) -> 880 | AB71: =(AA71-O71)/AA71 -> 0.52090909 | AC71: 용기별도 | AD71: 200 | AE71: 300 | AF71: 150 | AG71: 50 | AH71: 100 | AI71: 200
J72: 10 | K72: =I71/1000*J72*(1+$K$8) -> 286 | L72: 3 | M72: =$L$8*L72 -> 240 | N72: =SUM(K72:M72)*0.1 -> 52.9 | O72: =SUM(K72+M72+N72) -> 578.9 | P72: 1000 | Q72: 1300 | R72: =(Q72-O72)/Q72 -> 0.55469231 | S72: =Q72/J72*1000 -> 130000 | W72: =S72*(1-$W$8) -> 130000 | X72: =S72*(1-$X$8) -> 117000 | Y72: =S72*(1-$Y$8) -> 110500 | Z72: =S72*(1-$Z$8) -> 104000 | AA72: =Q72*(1-$AA$8) -> 1040 | AB72: =(AA72-O72)/AA72 -> 0.44336538 | AC72: 용기별도 | AD72: 200 | AE72: 300 | AF72: 150 | AG72: 50 | AH72: 100 | AI72: 200
J73: 15 | K73: =I71/1000*J73*(1+$K$8) -> 429 | L73: 3 | M73: =$L$8*L73 -> 240 | N73: =SUM(K73:M73)*0.1 -> 67.2 | O73: =SUM(K73+M73+N73) -> 736.2 | P73: 1000 | Q73: 1500 | R73: =(Q73-O73)/Q73 -> 0.5092 | S73: =Q73/J73*1000 -> 100000 | W73: =S73*(1-$W$8) -> 100000 | X73: =S73*(1-$X$8) -> 90000 | Y73: =S73*(1-$Y$8) -> 85000 | Z73: =S73*(1-$Z$8) -> 80000 | AA73: =Q73*(1-$AA$8) -> 1200 | AB73: =(AA73-O73)/AA73 -> 0.3865 | AC73: 용기별도 | AD73: 200 | AE73: 300 | AF73: 150 | AG73: 50 | AH73: 100 | AI73: 200
J74: 20 | K74: =I71/1000*J74*(1+$K$8) -> 572 | L74: 3 | M74: =$L$8*L74 -> 240 | N74: =SUM(K74:M74)*0.1 -> 81.5 | O74: =SUM(K74+M74+N74) -> 893.5 | P74: 1000 | Q74: 1700 | R74: =(Q74-O74)/Q74 -> 0.47441176 | S74: =Q74/J74*1000 -> 85000 | W74: =S74*(1-$W$8) -> 85000 | X74: =S74*(1-$X$8) -> 76500 | Y74: =S74*(1-$Y$8) -> 72250 | Z74: =S74*(1-$Z$8) -> 68000 | AA74: =Q74*(1-$AA$8) -> 1360 | AB74: =(AA74-O74)/AA74 -> 0.34301471 | AC74: 용기별도 | AD74: 200 | AE74: 300 | AF74: 150 | AG74: 50 | AH74: 100 | AI74: 200
B82: MB 전제품 표준견적서 [래쉬샴푸/전,후처리제]
M83: 1000개 작업시 표준공임 | Q83: 제품가 | U83: 참고용 | W83: 업체등급별 할인율(kg당) | AD83: 포장사양 (옵션가)
B84: 제품분류 | C84: 제품명 | D84: 규격 | E84: 공장출하가 (RMB) | F84: 운임 (RMB) | G84: 관부가세 (RMB) | H84: 원가 (RMB) | I84: 원가 (KRW) | J84: 충진규격 (g) | K84: 원가비(A) | L84: 공수(초) | M84: 공임(B) | N84: 관리비(C) | O84: 충원가(D) | P84: 최소수량 (ea) | Q84: 표준판가 (E) | R84: 마진율 | S84: 한국표준판가 (kg당) | T84: 평균표준판가 (kg당) | U84: 중국표준판가 (kg당) | W84: D-C | X84: B | Y84: A | Z84: A+ | AA84: A+ | AB84: 마진율 (20%할인시) | AC84: 비고 | AD84: 용기 | AE84: 메탈캡 | AF84: 파우치 | AG84: 라벨포장 | AH84: 단상자포장 | AI84: 수축필름
K85: 로스율 | L85: 임률(원) | M85: 충진+캡핑+마킹 | N85: (A+B)*10% | O85: (A+B+C) | Q85: 최소수량기준 | R85: (E-D)/E | W85: 할인율 | X85: 할인율 | Y85: 할인율 | Z85: 할인율 | AA85: 할인율
G86: 0.18 | K86: 0.1 | L86: 80 | W86: 0 | X86: 0.1 | Y86: 0.15 | Z86: 0.2 | AA86: 0.2
B87: 클렌징 | C87: M01 (버블폼) | D87: 1kg | E87: 20 | F87: 자체생산 | H87: =SUM(E87:G87) -> 20 | I87: =H87*200 -> 4000 | J87: 50 | K87: =I87/1000*J87*(1+$K$8) -> 220 | L87: 3 | M87: =$L$8*L87 -> 240 | N87: =SUM(K87:M87)*0.1 -> 46.3 | O87: =SUM(K87+M87+N87) -> 506.3 | P87: 1000 | Q87: 1200 | R87: =(Q87-O87)/Q87 -> 0.57808333 | S87: =Q87/J87*1000 -> 24000 | U87: 16000 | W87: =S87*(1-$W$8) -> 24000 | X87: =S87*(1-$X$8) -> 21600 | Y87: =S87*(1-$Y$8) -> 20400 | Z87: =S87*(1-$Z$8) -> 19200 | AA87: =Q87*(1-$AA$8) -> 960 | AB87: =(AA87-O87)/AA87 -> 0.47260417 | AC87: 용기별도 | AD87: 600 | AE87: 300 | AF87: 150 | AG87: 50 | AH87: 100 | AI87: 200
J88: 100 | K88: =I87/1000*J88*(1+$K$8) -> 440 | L88: 3 | M88: =$L$8*L88 -> 240 | N88: =SUM(K88:M88)*0.1 -> 68.3 | O88: =SUM(K88+M88+N88) -> 748.3 | P88: 1000 | Q88: 1800 | R88: =(Q88-O88)/Q88 -> 0.58427778 | S88: =Q88/J88*1000 -> 18000 | W88: =S88*(1-$W$8) -> 18000 | X88: =S88*(1-$X$8) -> 16200 | Y88: =S88*(1-$Y$8) -> 15300 | Z88: =S88*(1-$Z$8) -> 14400 | AA88: =Q88*(1-$AA$8) -> 1440 | AB88: =(AA88-O88)/AA88 -> 0.48034722 | AC88: 용기별도 | AD88: 600 | AE88: 300 | AF88: 150 | AG88: 50 | AH88: 100 | AI88: 200
J89: 150 | K89: =I87/1000*J89*(1+$K$8) -> 660 | L89: 3 | M89: =$L$8*L89 -> 240 | N89: =SUM(K89:M89)*0.1 -> 90.3 | O89: =SUM(K89+M89+N89) -> 990.3 | P89: 1000 | Q89: 2400 | R89: =(Q89-O89)/Q89 -> 0.587375 | S89: =Q89/J89*1000 -> 16000 | W89: =S89*(1-$W$8) -> 16000 | X89: =S89*(1-$X$8) -> 14400 | Y89: =S89*(1-$Y$8) -> 13600 | Z89: =S89*(1-$Z$8) -> 12800 | AA89: =Q89*(1-$AA$8) -> 1920 | AB89: =(AA89-O89)/AA89 -> 0.48421875 | AC89: 용기별도 | AD89: 600 | AE89: 300 | AF89: 150 | AG89: 50 | AH89: 100 | AI89: 200
B90: 전처리제 | C90: P11D SERIES (알콜함유 전처리제) | D90: 1kg | E90: 10 | F90: 자체생산 | H90: =SUM(E90:G90) -> 10 | I90: =H90*200 -> 2000 | J90: 5 | K90: =I90/1000*J90*(1+$K$8) -> 11 | L90: 3 | M90: =$L$8*L90 -> 240 | N90: =SUM(K90:M90)*0.1 -> 25.4 | O90: =SUM(K90+M90+N90) -> 276.4 | P90: 1000 | Q90: 1100 | R90: =(Q90-O90)/Q90 -> 0.74872727 | S90: =Q90/J90*1000 -> 220000 | U90: 48000 | W90: =S90*(1-$W$8) -> 220000 | X90: =S90*(1-$X$8) -> 198000 | Y90: =S90*(1-$Y$8) -> 187000 | Z90: =S90*(1-$Z$8) -> 176000 | AA90: =Q90*(1-$AA$8) -> 880 | AB90: =(AA90-O90)/AA90 -> 0.68590909 | AC90: 용기별도 | AD90: 200 | AE90: 300 | AF90: 150 | AG90: 50 | AH90: 100 | AI90: 200
J91: 10 | K91: =I90/1000*J91*(1+$K$8) -> 22 | L91: 3 | M91: =$L$8*L91 -> 240 | N91: =SUM(K91:M91)*0.1 -> 26.5 | O91: =SUM(K91+M91+N91) -> 288.5 | P91: 1000 | Q91: 1300 | R91: =(Q91-O91)/Q91 -> 0.77807692 | S91: =Q91/J91*1000 -> 130000 | W91: =S91*(1-$W$8) -> 130000 | X91: =S91*(1-$X$8) -> 117000 | Y91: =S91*(1-$Y$8) -> 110500 | Z91: =S91*(1-$Z$8) -> 104000 | AA91: =Q91*(1-$AA$8) -> 1040 | AB91: =(AA91-O91)/AA91 -> 0.72259615 | AC91: 용기별도 | AD91: 200 | AE91: 300 | AF91: 150 | AG91: 50 | AH91: 100 | AI91: 200
J92: 15 | K92: =I90/1000*J92*(1+$K$8) -> 33 | L92: 3 | M92: =$L$8*L92 -> 240 | N92: =SUM(K92:M92)*0.1 -> 27.6 | O92: =SUM(K92+M92+N92) -> 300.6 | P92: 1000 | Q92: 1500 | R92: =(Q92-O92)/Q92 -> 0.7996 | S92: =Q92/J92*1000 -> 100000 | W92: =S92*(1-$W$8) -> 100000 | X92: =S92*(1-$X$8) -> 90000 | Y92: =S92*(1-$Y$8) -> 85000 | Z92: =S92*(1-$Z$8) -> 80000 | AA92: =Q92*(1-$AA$8) -> 1200 | AB92: =(AA92-O92)/AA92 -> 0.7495 | AC92: 용기별도 | AD92: 200 | AE92: 300 | AF92: 150 | AG92: 50 | AH92: 100 | AI92: 200
C93: AT26 (음이온부여, ph조절기능) | D93: 1kg | E93: 20 | F93: 자체생산 | H93: =SUM(E93:G93) -> 20 | I93: =H93*200 -> 4000 | J93: 5 | K93: =I93/1000*J93*(1+$K$8) -> 22 | L93: 3 | M93: =$L$8*L93 -> 240 | N93: =SUM(K93:M93)*0.1 -> 26.5 | O93: =SUM(K93+M93+N93) -> 288.5 | P93: 1000 | Q93: 1200 | R93: =(Q93-O93)/Q93 -> 0.75958333 | S93: =Q93/J93*1000 -> 240000 | U93: 200000 | W93: =S93*(1-$W$8) -> 240000 | X93: =S93*(1-$X$8) -> 216000 | Y93: =S93*(1-$Y$8) -> 204000 | Z93: =S93*(1-$Z$8) -> 192000 | AA93: =Q93*(1-$AA$8) -> 960 | AB93: =(AA93-O93)/AA93 -> 0.69947917 | AC93: 용기별도 | AD93: 200 | AE93: 300 | AF93: 150 | AG93: 50 | AH93: 100 | AI93: 200
J94: 10 | K94: =I93/1000*J94*(1+$K$8) -> 44 | L94: 3 | M94: =$L$8*L94 -> 240 | N94: =SUM(K94:M94)*0.1 -> 28.7 | O94: =SUM(K94+M94+N94) -> 312.7 | P94: 1000 | Q94: 1800 | R94: =(Q94-O94)/Q94 -> 0.82627778 | S94: =Q94/J94*1000 -> 180000 | W94: =S94*(1-$W$8) -> 180000 | X94: =S94*(1-$X$8) -> 162000 | Y94: =S94*(1-$Y$8) -> 153000 | Z94: =S94*(1-$Z$8) -> 144000 | AA94: =Q94*(1-$AA$8) -> 1440 | AB94: =(AA94-O94)/AA94 -> 0.78284722 | AC94: 용기별도 | AD94: 200 | AE94: 300 | AF94: 150 | AG94: 50 | AH94: 100 | AI94: 200
J95: 15 | K95: =I93/1000*J95*(1+$K$8) -> 66 | L95: 3 | M95: =$L$8*L95 -> 240 | N95: =SUM(K95:M95)*0.1 -> 30.9 | O95: =SUM(K95+M95+N95) -> 336.9 | P95: 1000 | Q95: 2400 | R95: =(Q95-O95)/Q95 -> 0.859625 | S95: =Q95/J95*1000 -> 160000 | W95: =S95*(1-$W$8) -> 160000 | X95: =S95*(1-$X$8) -> 144000 | Y95: =S95*(1-$Y$8) -> 136000 | Z95: =S95*(1-$Z$8) -> 128000 | AA95: =Q95*(1-$AA$8) -> 1920 | AB95: =(AA95-O95)/AA95 -> 0.82453125 | AC95: 용기별도 | AD95: 200 | AE95: 300 | AF95: 150 | AG95: 50 | AH95: 100 | AI95: 200
J96: 20 | K96: =I93/1000*J96*(1+$K$8) -> 88 | L96: 3 | M96: =$L$8*L96 -> 240 | N96: =SUM(K96:M96)*0.1 -> 33.1 | O96: =SUM(K96+M96+N96) -> 361.1 | P96: 1000 | Q96: 3000 | R96: =(Q96-O96)/Q96 -> 0.87963333 | S96: =Q96/J96*1000 -> 150000 | W96: =S96*(1-$W$8) -> 150000 | X96: =S96*(1-$X$8) -> 135000 | Y96: =S96*(1-$Y$8) -> 127500 | Z96: =S96*(1-$Z$8) -> 120000 | AA96: =Q96*(1-$AA$8) -> 2400 | AB96: =(AA96-O96)/AA96 -> 0.84954167 | AC96: 용기별도 | AD96: 200 | AE96: 300 | AF96: 150 | AG96: 50 | AH96: 100 | AI96: 200
J97: 30 | K97: =I93/1000*J97*(1+$K$8) -> 132 | L97: 3 | M97: =$L$8*L97 -> 240 | N97: =SUM(K97:M97)*0.1 -> 37.5 | O97: =SUM(K97+M97+N97) -> 409.5 | P97: 1000 | Q97: 4000 | R97: =(Q97-O97)/Q97 -> 0.897625 | S97: =Q97/J97*1000 -> 133333.33 | W97: =S97*(1-$W$8) -> 133333.33 | X97: =S97*(1-$X$8) -> 120000 | Y97: =S97*(1-$Y$8) -> 113333.33 | Z97: =S97*(1-$Z$8) -> 106666.67 | AA97: =Q97*(1-$AA$8) -> 3200 | AB97: =(AA97-O97)/AA97 -> 0.87203125 | AC97: 용기별도 | AD97: 200 | AE97: 300 | AF97: 150 | AG97: 50 | AH97: 100 | AI97: 200
B98: 슈퍼본더 | C98: AC95 | D98: 1kg | E98: 20 | F98: 자체생산 | H98: =SUM(E98:G98) -> 20 | I98: =H98*200 -> 4000 | J98: 5 | K98: =I98/1000*J98*(1+$K$8) -> 22 | L98: 3 | M98: =$L$8*L98 -> 240 | N98: =SUM(K98:M98)*0.1 -> 26.5 | O98: =SUM(K98+M98+N98) -> 288.5 | P98: 1000 | Q98: 1200 | R98: =(Q98-O98)/Q98 -> 0.75958333 | S98: =Q98/J98*1000 -> 240000 | U98: 200000 | W98: =S98*(1-$W$8) -> 240000 | X98: =S98*(1-$X$8) -> 216000 | Y98: =S98*(1-$Y$8) -> 204000 | Z98: =S98*(1-$Z$8) -> 192000 | AA98: =Q98*(1-$AA$8) -> 960 | AB98: =(AA98-O98)/AA98 -> 0.69947917 | AC98: 용기별도 | AD98: 200 | AE98: 300 | AF98: 150 | AG98: 50 | AH98: 100 | AI98: 200
J99: 10 | K99: =I98/1000*J99*(1+$K$8) -> 44 | L99: 3 | M99: =$L$8*L99 -> 240 | N99: =SUM(K99:M99)*0.1 -> 28.7 | O99: =SUM(K99+M99+N99) -> 312.7 | P99: 1000 | Q99: 1800 | R99: =(Q99-O99)/Q99 -> 0.82627778 | S99: =Q99/J99*1000 -> 180000 | W99: =S99*(1-$W$8) -> 180000 | X99: =S99*(1-$X$8) -> 162000 | Y99: =S99*(1-$Y$8) -> 153000 | Z99: =S99*(1-$Z$8) -> 144000 | AA99: =Q99*(1-$AA$8) -> 1440 | AB99: =(AA99-O99)/AA99 -> 0.78284722 | AC99: 용기별도 | AD99: 200 | AE99: 300 | AF99: 150 | AG99: 50 | AH99: 100 | AI99: 200
J100: 15 | K100: =I98/1000*J100*(1+$K$8) -> 66 | L100: 3 | M100: =$L$8*L100 -> 240 | N100: =SUM(K100:M100)*0.1 -> 30.9 | O100: =SUM(K100+M100+N100) -> 336.9 | P100: 1000 | Q100: 2400 | R100: =(Q100-O100)/Q100 -> 0.859625 | S100: =Q100/J100*1000 -> 160000 | W100: =S100*(1-$W$8) -> 160000 | X100: =S100*(1-$X$8) -> 144000 | Y100: =S100*(1-$Y$8) -> 136000 | Z100: =S100*(1-$Z$8) -> 128000 | AA100: =Q100*(1-$AA$8) -> 1920 | AB100: =(AA100-O100)/AA100 -> 0.82453125 | AC100: 용기별도 | AD100: 200 | AE100: 300 | AF100: 150 | AG100: 50 | AH100: 100 | AI100: 200
J101: 20 | K101: =I98/1000*J101*(1+$K$8) -> 88 | L101: 3 | M101: =$L$8*L101 -> 240 | N101: =SUM(K101:M101)*0.1 -> 33.1 | O101: =SUM(K101+M101+N101) -> 361.1 | P101: 1000 | Q101: 3000 | R101: =(Q101-O101)/Q101 -> 0.87963333 | S101: =Q101/J101*1000 -> 150000 | W101: =S101*(1-$W$8) -> 150000 | X101: =S101*(1-$X$8) -> 135000 | Y101: =S101*(1-$Y$8) -> 127500 | Z101: =S101*(1-$Z$8) -> 120000 | AA101: =Q101*(1-$AA$8) -> 2400 | AB101: =(AA101-O101)/AA101 -> 0.84954167 | AC101: 용기별도 | AD101: 200 | AE101: 300 | AF101: 150 | AG101: 50 | AH101: 100 | AI101: 200
J102: 30 | K102: =I98/1000*J102*(1+$K$8) -> 132 | L102: 3 | M102: =$L$8*L102 -> 240 | N102: =SUM(K102:M102)*0.1 -> 37.5 | O102: =SUM(K102+M102+N102) -> 409.5 | P102: 1000 | Q102: 4000 | R102: =(Q102-O102)/Q102 -> 0.897625 | S102: =Q102/J102*1000 -> 133333.33 | W102: =S102*(1-$W$8) -> 133333.33 | X102: =S102*(1-$X$8) -> 120000 | Y102: =S102*(1-$Y$8) -> 113333.33 | Z102: =S102*(1-$Z$8) -> 106666.67 | AA102: =Q102*(1-$AA$8) -> 3200 | AB102: =(AA102-O102)/AA102 -> 0.87203125 | AC102: 용기별도 | AD102: 200 | AE102: 300 | AF102: 150 | AG102: 50 | AH102: 100 | AI102: 200
B107: MB 전제품 표준견적서 [코팅제/픽서/영양제]
M108: 1000개 작업시 표준공임 | Q108: 제품가 | U108: 참고용 | W108: 업체등급별 할인율(kg당) | AD108: 포장사양 (옵션가)
B109: 제품분류 | C109: 제품명 | D109: 규격 | E109: 공장출하가 (RMB) | F109: 운임 (RMB) | G109: 관부가세 (RMB) | H109: 원가 (RMB) | I109: 원가 (KRW) | J109: 충진규격 (g) | K109: 원가비(A) | L109: 공수(초) | M109: 공임(B) | N109: 관리비(C) | O109: 충원가(D) | P109: 최소수량 (ea) | Q109: 표준판가 (E) | R109: 마진율 | S109: 한국표준판가 (kg당) | T109: 평균표준판가 (kg당) | U109: 중국표준판가 (kg당) | W109: D-C | X109: B | Y109: A | Z109: A+ | AA109: A+ | AB109: 마진율 (20%할인시) | AC109: 비고 | AD109: 용기 | AE109: 메탈캡 | AF109: 파우치 | AG109: 라벨포장 | AH109: 단상자포장 | AI109: 수축필름
K110: 로스율 | L110: 임률(원) | M110: 충진+캡핑+마킹 | N110: (A+B)*10% | O110: (A+B+C) | Q110: 최소수량기준 | R110: (E-D)/E | W110: 할인율 | X110: 할인율 | Y110: 할인율 | Z110: 할인율 | AA110: 할인율
G111: 0.18 | K111: 0.1 | L111: 80 | W111: 0 | X111: 0.1 | Y111: 0.15 | Z111: 0.2 | AA111: 0.2
B112: 코팅제 | C112: V507 / V507-H | D112: 1kg | E112: 40 | F112: 50 | G112: =E112*$G$8 -> 7.2 | H112: =SUM(E112:G112) -> 97.2 | I112: =H112*200 -> 19440 | J112: 5 | K112: =I112/1000*J112*(1+$K$8) -> 106.92 | L112: 3 | M112: =$L$8*L112 -> 240 | N112: =SUM(K112:M112)*0.1 -> 34.992 | O112: =SUM(K112+M112+N112) -> 381.912 | P112: 1000 | Q112: 1200 | R112: =(Q112-O112)/Q112 -> 0.68174 | S112: =Q112/J112*1000 -> 240000 | U112: 100000 | W112: =S112*(1-$W$8) -> 240000 | X112: =S112*(1-$X$8) -> 216000 | Y112: =S112*(1-$Y$8) -> 204000 | Z112: =S112*(1-$Z$8) -> 192000 | AA112: =Q112*(1-$AA$8) -> 960 | AB112: =(AA112-O112)/AA112 -> 0.602175 | AC112: 용기별도 | AD112: 550 | AE112: 300 | AF112: 150 | AG112: 50 | AH112: 100 | AI112: 200
J113: 10 | K113: =I112/1000*J113*(1+$K$8) -> 213.84 | L113: 3 | M113: =$L$8*L113 -> 240 | N113: =SUM(K113:M113)*0.1 -> 45.684 | O113: =SUM(K113+M113+N113) -> 499.524 | P113: 1000 | Q113: 1500 | R113: =(Q113-O113)/Q113 -> 0.666984 | S113: =Q113/J113*1000 -> 150000 | W113: =S113*(1-$W$8) -> 150000 | X113: =S113*(1-$X$8) -> 135000 | Y113: =S113*(1-$Y$8) -> 127500 | Z113: =S113*(1-$Z$8) -> 120000 | AA113: =Q113*(1-$AA$8) -> 1200 | AB113: =(AA113-O113)/AA113 -> 0.58373 | AC113: 용기별도 | AD113: 600 | AE113: 300 | AF113: 150 | AG113: 50 | AH113: 100 | AI113: 200
C114: CT30 / CT60 / CT62 / CT66 | D114: 1kg | E114: 44.5 | F114: 50 | G114: =E114*$G$8 -> 8.01 | H114: =SUM(E114:G114) -> 102.51 | I114: =H114*200 -> 20502 | J114: 5 | K114: =I114/1000*J114*(1+$K$8) -> 112.761 | L114: 3 | M114: =$L$8*L114 -> 240 | N114: =SUM(K114:M114)*0.1 -> 35.5761 | O114: =SUM(K114+M114+N114) -> 388.3371 | P114: 1000 | Q114: 1000 | R114: =(Q114-O114)/Q114 -> 0.6116629 | S114: =Q114/J114*1000 -> 200000 | U114: 160000 | W114: =S114*(1-$W$8) -> 200000 | X114: =S114*(1-$X$8) -> 180000 | Y114: =S114*(1-$Y$8) -> 170000 | Z114: =S114*(1-$Z$8) -> 160000 | AA114: =Q114*(1-$AA$8) -> 800 | AB114: =(AA114-O114)/AA114 -> 0.51457862 | AC114: 용기별도 | AD114: 550 | AE114: 300 | AF114: 150 | AG114: 50 | AH114: 100 | AI114: 200
J115: 10 | K115: =I114/1000*J115*(1+$K$8) -> 225.522 | L115: 3 | M115: =$L$8*L115 -> 240 | N115: =SUM(K115:M115)*0.1 -> 46.8522 | O115: =SUM(K115+M115+N115) -> 512.3742 | P115: 1000 | Q115: 1300 | R115: =(Q115-O115)/Q115 -> 0.605866 | S115: =Q115/J115*1000 -> 130000 | W115: =S115*(1-$W$8) -> 130000 | X115: =S115*(1-$X$8) -> 117000 | Y115: =S115*(1-$Y$8) -> 110500 | Z115: =S115*(1-$Z$8) -> 104000 | AA115: =Q115*(1-$AA$8) -> 1040 | AB115: =(AA115-O115)/AA115 -> 0.5073325 | AC115: 용기별도 | AD115: 600 | AE115: 300 | AF115: 150 | AG115: 50 | AH115: 100 | AI115: 200
B116: 세럼 | C116: H501 | D116: 1kg | E116: 29.5 | F116: 50 | G116: =E116*$G$8 -> 5.31 | H116: =SUM(E116:G116) -> 84.81 | I116: =H116*200 -> 16962 | J116: 5 | K116: =I116/1000*J116*(1+$K$8) -> 93.291 | L116: 3 | M116: =$L$8*L116 -> 240 | N116: =SUM(K116:M116)*0.1 -> 33.6291 | O116: =SUM(K116+M116+N116) -> 366.9201 | P116: 1000 | Q116: 1200 | R116: =(Q116-O116)/Q116 -> 0.69423325 | S116: =Q116/J116*1000 -> 240000 | U116: 200000 | W116: =S116*(1-$W$8) -> 240000 | X116: =S116*(1-$X$8) -> 216000 | Y116: =S116*(1-$Y$8) -> 204000 | Z116: =S116*(1-$Z$8) -> 192000 | AA116: =Q116*(1-$AA$8) -> 960 | AB116: =(AA116-O116)/AA116 -> 0.61779156 | AC116: 용기별도 | AD116: 550 | AE116: 300 | AF116: 150 | AG116: 50 | AH116: 100 | AI116: 200
J117: 10 | K117: =I116/1000*J117*(1+$K$8) -> 186.582 | L117: 3 | M117: =$L$8*L117 -> 240 | N117: =SUM(K117:M117)*0.1 -> 42.9582 | O117: =SUM(K117+M117+N117) -> 469.5402 | P117: 1000 | Q117: 1700 | R117: =(Q117-O117)/Q117 -> 0.72379988 | S117: =Q117/J117*1000 -> 170000 | W117: =S117*(1-$W$8) -> 170000 | X117: =S117*(1-$X$8) -> 153000 | Y117: =S117*(1-$Y$8) -> 144500 | Z117: =S117*(1-$Z$8) -> 136000 | AA117: =Q117*(1-$AA$8) -> 1360 | AB117: =(AA117-O117)/AA117 -> 0.65474985 | AC117: 용기별도 | AD117: 600 | AE117: 300 | AF117: 150 | AG117: 50 | AH117: 100 | AI117: 200
C118: H502 | D118: 1kg | E118: 102 | F118: 50 | G118: =E118*$G$8 -> 18.36 | H118: =SUM(E118:G118) -> 170.36 | I118: =H118*200 -> 34072 | J118: 5 | K118: =I118/1000*J118*(1+$K$8) -> 187.396 | L118: 3 | M118: =$L$8*L118 -> 240 | N118: =SUM(K118:M118)*0.1 -> 43.0396 | O118: =SUM(K118+M118+N118) -> 470.4356 | P118: 1000 | Q118: 1200 | R118: =(Q118-O118)/Q118 -> 0.60797033 | S118: =Q118/J118*1000 -> 240000 | U118: 200000 | W118: =S118*(1-$W$8) -> 240000 | X118: =S118*(1-$X$8) -> 216000 | Y118: =S118*(1-$Y$8) -> 204000 | Z118: =S118*(1-$Z$8) -> 192000 | AA118: =Q118*(1-$AA$8) -> 960 | AB118: =(AA118-O118)/AA118 -> 0.50996292 | AC118: 용기별도 | AD118: 550 | AE118: 300 | AF118: 150 | AG118: 50 | AH118: 100 | AI118: 200
J119: 10 | K119: =I118/1000*J119*(1+$K$8) -> 374.792 | L119: 3 | M119: =$L$8*L119 -> 240 | N119: =SUM(K119:M119)*0.1 -> 61.7792 | O119: =SUM(K119+M119+N119) -> 676.5712 | P119: 1000 | Q119: 1700 | R119: =(Q119-O119)/Q119 -> 0.60201694 | S119: =Q119/J119*1000 -> 170000 | W119: =S119*(1-$W$8) -> 170000 | X119: =S119*(1-$X$8) -> 153000 | Y119: =S119*(1-$Y$8) -> 144500 | Z119: =S119*(1-$Z$8) -> 136000 | AA119: =Q119*(1-$AA$8) -> 1360 | AB119: =(AA119-O119)/AA119 -> 0.50252118 | AC119: 용기별도 | AD119: 600 | AE119: 300 | AF119: 150 | AG119: 50 | AH119: 100 | AI119: 200
C120: H503 | D120: 1kg | E120: 106.5 | F120: 50 | G120: =E120*$G$8 -> 19.17 | H120: =SUM(E120:G120) -> 175.67 | I120: =H120*200 -> 35134 | J120: 5 | K120: =I120/1000*J120*(1+$K$8) -> 193.237 | L120: 3 | M120: =$L$8*L120 -> 240 | N120: =SUM(K120:M120)*0.1 -> 43.6237 | O120: =SUM(K120+M120+N120) -> 476.8607 | P120: 1000 | Q120: 1200 | R120: =(Q120-O120)/Q120 -> 0.60261608 | S120: =Q120/J120*1000 -> 240000 | U120: 200000 | W120: =S120*(1-$W$8) -> 240000 | X120: =S120*(1-$X$8) -> 216000 | Y120: =S120*(1-$Y$8) -> 204000 | Z120: =S120*(1-$Z$8) -> 192000 | AA120: =Q120*(1-$AA$8) -> 960 | AB120: =(AA120-O120)/AA120 -> 0.5032701 | AC120: 용기별도 | AD120: 550 | AE120: 300 | AF120: 150 | AG120: 50 | AH120: 100 | AI120: 200
J121: 10 | K121: =I120/1000*J121*(1+$K$8) -> 386.474 | L121: 3 | M121: =$L$8*L121 -> 240 | N121: =SUM(K121:M121)*0.1 -> 62.9474 | O121: =SUM(K121+M121+N121) -> 689.4214 | P121: 1000 | Q121: 1700 | R121: =(Q121-O121)/Q121 -> 0.594458 | S121: =Q121/J121*1000 -> 170000 | W121: =S121*(1-$W$8) -> 170000 | X121: =S121*(1-$X$8) -> 153000 | Y121: =S121*(1-$Y$8) -> 144500 | Z121: =S121*(1-$Z$8) -> 136000 | AA121: =Q121*(1-$AA$8) -> 1360 | AB121: =(AA121-O121)/AA121 -> 0.4930725 | AC121: 용기별도 | AD121: 600 | AE121: 300 | AF121: 150 | AG121: 50 | AH121: 100 | AI121: 200
C122: H504(H501-R3) | D122: 1kg | E122: 193.5 | F122: 50 | G122: =E122*$G$8 -> 34.83 | H122: =SUM(E122:G122) -> 278.33 | I122: =H122*200 -> 55666 | J122: 5 | K122: =I122/1000*J122*(1+$K$8) -> 306.163 | L122: 3 | M122: =$L$8*L122 -> 240 | N122: =SUM(K122:M122)*0.1 -> 54.9163 | O122: =SUM(K122+M122+N122) -> 601.0793 | P122: 1000 | Q122: 1500 | R122: =(Q122-O122)/Q122 -> 0.59928047 | S122: =Q122/J122*1000 -> 300000 | U122: 300000 | W122: =S122*(1-$W$8) -> 300000 | X122: =S122*(1-$X$8) -> 270000 | Y122: =S122*(1-$Y$8) -> 255000 | Z122: =S122*(1-$Z$8) -> 240000 | AA122: =Q122*(1-$AA$8) -> 1200 | AB122: =(AA122-O122)/AA122 -> 0.49910058 | AC122: 용기별도 | AD122: 550 | AE122: 300 | AF122: 150 | AG122: 50 | AH122: 100 | AI122: 200
...
